username,created_at
APoD,2018-01-12T00:00:00.000Z
selfcare,2017-11-20T00:00:00.000Z
RikerGoogling,2022-11-08T00:00:00.000Z
PleaseCaption,2018-09-05T00:00:00.000Z
gretathunberg,2019-02-27T00:00:00.000Z
picardtips,2020-09-14T00:00:00.000Z
catsnkittens,2020-08-17T00:00:00.000Z
randomColorContrasts,2020-08-11T00:00:00.000Z
hourlyfoxbot,2019-01-05T00:00:00.000Z
biodiversitypix,2020-02-29T00:00:00.000Z
sadserver,2022-11-14T00:00:00.000Z
nasa_bot,2021-01-08T00:00:00.000Z
bunposting,2018-12-09T00:00:00.000Z
duckduckgo,2018-04-11T00:00:00.000Z
oldroadside,2020-07-20T00:00:00.000Z
blendernation,2018-03-29T00:00:00.000Z
artbot,2018-06-14T00:00:00.000Z
genderoftheday,2018-09-03T00:00:00.000Z
pomological,2017-04-05T00:00:00.000Z
xkcdbot,2019-08-19T00:00:00.000Z
foxesinlove_mirror,2022-02-28T00:00:00.000Z
TrendingBot,2022-03-26T00:00:00.000Z
scream,2018-08-21T00:00:00.000Z
mobydick,2022-04-27T00:00:00.000Z
wordofthehour,2019-03-30T00:00:00.000Z
nocontextspongebob,2018-03-29T00:00:00.000Z
selfcare_gentle,2017-12-13T00:00:00.000Z
solidotbot,2018-04-25T00:00:00.000Z
lobsters,2017-05-10T00:00:00.000Z
CalvinAndHobbes,2020-11-20T00:00:00.000Z
levels_check,2018-08-22T00:00:00.000Z
asstastic,2018-11-06T00:00:00.000Z
dscovr_epic,2017-04-08T00:00:00.000Z
gaycats,2022-11-20T00:00:00.000Z
poem_exe,2017-04-08T00:00:00.000Z
southpoleviews,2018-08-30T00:00:00.000Z
zhangdachui,2020-05-24T00:00:00.000Z
dsn_status,2017-04-08T00:00:00.000Z
wikipediahaiku,2020-04-29T00:00:00.000Z
shitpostbot,2018-11-13T00:00:00.000Z
tiny_gardens,2018-08-22T00:00:00.000Z
toomanyfoxes,2022-11-05T00:00:00.000Z
skybot,2019-03-29T00:00:00.000Z
metalband_exe,2018-09-16T00:00:00.000Z
starfleetjobs,2022-11-02T00:00:00.000Z
MartinSonneborn,2019-03-26T00:00:00.000Z
stephenking,2019-02-23T00:00:00.000Z
benoitmandelbot,2017-12-02T00:00:00.000Z
hn100,2019-06-14T00:00:00.000Z
unusualbot,2021-04-22T00:00:00.000Z
emojibot,2018-02-05T00:00:00.000Z
grapenuts_robot,2018-08-16T00:00:00.000Z
bbcnews,2020-05-23T00:00:00.000Z
VoteChess,2020-05-29T00:00:00.000Z
EmojiAquarium,2017-04-09T00:00:00.000Z
vortaro,2018-08-21T00:00:00.000Z
ProbablyADogPic,2018-09-08T00:00:00.000Z
ai_art_bot,2021-12-09T00:00:00.000Z
WikiWow,2022-04-17T00:00:00.000Z
aquarium,2017-04-20T00:00:00.000Z
tiny_cityscapes,2018-08-22T00:00:00.000Z
bofh_excuses,2018-09-02T00:00:00.000Z
pv,2022-05-03T00:00:00.000Z
saschalobo,2019-03-10T00:00:00.000Z
winampskins,2022-11-11T00:00:00.000Z
assortedfiles,2018-08-20T00:00:00.000Z
rain,2018-09-05T00:00:00.000Z
tirasdiarias,2021-07-22T00:00:00.000Z
queerstatus,2018-09-03T00:00:00.000Z
winicons,2022-11-20T00:00:00.000Z
genderlessinsults,2018-09-04T00:00:00.000Z
trekkies,2020-07-22T00:00:00.000Z
Stripey,2019-03-14T00:00:00.000Z
everyhexcolor,2018-11-29T00:00:00.000Z
PleasantSubToots,2020-03-04T00:00:00.000Z
1994clipart,2022-04-27T00:00:00.000Z
icetsvu,2017-04-10T00:00:00.000Z
thespinoff,2022-11-12T00:00:00.000Z
carmensandiego,2017-12-08T00:00:00.000Z
botequippedwith,2019-10-20T00:00:00.000Z
dofh_excuses,2020-03-05T00:00:00.000Z
InspiroBot,2017-09-23T00:00:00.000Z
intengineering,2020-09-15T00:00:00.000Z
pom,2020-12-31T00:00:00.000Z
novas,2018-02-23T00:00:00.000Z
fedivision,2021-05-18T00:00:00.000Z
chest_bot,2017-10-29T00:00:00.000Z
blackjoy,2020-07-19T00:00:00.000Z
biupdatebot,2017-11-26T00:00:00.000Z
rodserlingzone,2017-11-19T00:00:00.000Z
nicosemsrott,2019-06-04T00:00:00.000Z
gracygimp,2019-01-05T00:00:00.000Z
curvybot,2018-03-25T00:00:00.000Z
compliments,2018-04-05T00:00:00.000Z
hourlykitten,2022-11-11T00:00:00.000Z
owncast,2020-12-13T00:00:00.000Z
SecretlyPublicDomain,2019-07-19T00:00:00.000Z
mediacccde,2021-01-05T00:00:00.000Z
fluechtlingsrat,2020-03-02T00:00:00.000Z
vilaweb_bot,2021-05-22T00:00:00.000Z
mythologybot,2018-08-12T00:00:00.000Z
oblique_strategies,2022-11-09T00:00:00.000Z
domainhacker,2017-04-19T00:00:00.000Z
dirkjanbot,2020-02-22T00:00:00.000Z
tinyskylines,2017-11-09T00:00:00.000Z
accessibleColors,2018-08-21T00:00:00.000Z
noisemakerbot,2018-08-11T00:00:00.000Z
legorafi,2021-04-14T00:00:00.000Z
insight_images,2018-11-28T00:00:00.000Z
darksouls,2017-04-21T00:00:00.000Z
it_was_inevitable_slow,2018-08-17T00:00:00.000Z
thetinygallery,2018-08-22T00:00:00.000Z
scihub,2019-03-07T00:00:00.000Z
boldly,2019-03-16T00:00:00.000Z
randomducks,2018-06-14T00:00:00.000Z
headswap,2018-09-02T00:00:00.000Z
Truchet_Nested,2020-04-10T00:00:00.000Z
emojidna,2018-08-20T00:00:00.000Z
linkoftheweek,2021-09-16T00:00:00.000Z
vimtips,2020-10-17T00:00:00.000Z
infinitezodiac,2018-03-03T00:00:00.000Z
rnzfans,2022-05-05T00:00:00.000Z
reddit_memebot,2021-08-15T00:00:00.000Z
tmnt,2019-06-15T00:00:00.000Z
artefr,2019-01-14T00:00:00.000Z
egg_irl_bot,2022-11-18T00:00:00.000Z
trainbot,2018-02-26T00:00:00.000Z
antifaintl,2018-07-05T00:00:00.000Z
westquake,2020-05-26T00:00:00.000Z
it_was_inevitable,2018-08-17T00:00:00.000Z
animorphs,2018-09-06T00:00:00.000Z
emojispells,2017-04-09T00:00:00.000Z
Koopa,2018-04-14T00:00:00.000Z
somebearlove,2019-07-11T00:00:00.000Z
VitaVirginiaBot,2022-11-02T00:00:00.000Z
trendyphraseguy,2019-10-20T00:00:00.000Z
hnbot,2020-08-09T00:00:00.000Z
fascists_exe,2017-04-06T00:00:00.000Z
nierautomata,2017-07-03T00:00:00.000Z
cosmic,2020-06-14T00:00:00.000Z
GradientBot,2019-01-04T00:00:00.000Z
randomtrees,2018-01-18T00:00:00.000Z
randostartrek,2018-08-21T00:00:00.000Z
lyresdictionary,2019-10-22T00:00:00.000Z
SocArXivBot,2022-11-04T00:00:00.000Z
sansculotides,2022-11-17T00:00:00.000Z
EmojiMeadow,2022-11-08T00:00:00.000Z
SIDMusic,2022-04-28T00:00:00.000Z
hambot,2022-03-30T00:00:00.000Z
glitchlogos,2018-08-14T00:00:00.000Z
kottke,2022-12-08T00:00:00.000Z
BUNDjugend,2019-04-28T00:00:00.000Z
selfcare_cj1,2021-01-18T00:00:00.000Z
lainposting,2020-09-19T00:00:00.000Z
wildflowersbot,2019-01-24T00:00:00.000Z
clickblaster,2018-02-18T00:00:00.000Z
TinyPettingZoo,2022-11-09T00:00:00.000Z
osxthemes,2018-03-28T00:00:00.000Z
weirdsatellite,2022-10-30T00:00:00.000Z
dogsofmastodon,2022-11-19T00:00:00.000Z
jorts,2017-05-18T00:00:00.000Z
mrandelbot,2022-11-17T00:00:00.000Z
magic_aye,2020-06-22T00:00:00.000Z
jacobinbot,2019-03-14T00:00:00.000Z
NATO,2020-09-19T00:00:00.000Z
fullofstars,2017-04-21T00:00:00.000Z
cowbot,2021-10-25T00:00:00.000Z
ThreeBodyBot,2022-11-14T00:00:00.000Z
nbascores,2022-11-15T00:00:00.000Z
cwp,2022-01-27T00:00:00.000Z
oot_thursdays,2020-09-09T00:00:00.000Z
godtributes,2022-05-05T00:00:00.000Z
reddit_tech_news,2021-01-06T00:00:00.000Z
AYMusic,2022-04-27T00:00:00.000Z
xkcdremix,2018-08-29T00:00:00.000Z
fennecbot,2022-04-26T00:00:00.000Z
rct_guest,2019-07-19T00:00:00.000Z
comet,2018-11-08T00:00:00.000Z
snow_leopard_a_day,2021-11-12T00:00:00.000Z
qubesos,2020-05-07T00:00:00.000Z
TShirtsBot,2017-08-10T00:00:00.000Z
threethousanddreams,2021-06-13T00:00:00.000Z
RadioTeleSuisse,2019-01-24T00:00:00.000Z
CaliforniaQuakeBot,2022-11-27T00:00:00.000Z
cultura,2018-01-20T00:00:00.000Z
corona_news,2020-03-31T00:00:00.000Z
hackermanifestov,2018-12-03T00:00:00.000Z
textfiles,2020-09-14T00:00:00.000Z
SocialConstructEverywhere,2019-10-25T00:00:00.000Z
RAE_no_oficial,2020-03-28T00:00:00.000Z
bverfg,2020-02-23T00:00:00.000Z
radicalthinkerz,2017-04-20T00:00:00.000Z
videogames,2018-08-29T00:00:00.000Z
si,2020-02-25T00:00:00.000Z
waitingforC3,2018-11-01T00:00:00.000Z
TinyForest,2022-11-18T00:00:00.000Z
bioRxiv_cellbiol,2022-11-02T00:00:00.000Z
caverns,2017-05-29T00:00:00.000Z
PrintShopDeluxe,2022-11-20T00:00:00.000Z
arcticfoxbot,2022-05-26T00:00:00.000Z
hrt_timeline,2018-08-17T00:00:00.000Z
possum,2019-06-19T00:00:00.000Z
covid19br,2020-04-06T00:00:00.000Z
movieposters,2021-08-30T00:00:00.000Z
PosiBot,2018-09-19T00:00:00.000Z
flypapers,2022-11-04T00:00:00.000Z
WarehouseWorker,2018-09-22T00:00:00.000Z
random_wiki,2017-07-18T00:00:00.000Z
MetalTracker,2018-04-25T00:00:00.000Z
AtariSTMusic,2022-05-07T00:00:00.000Z
realpresssecbot,2018-12-26T00:00:00.000Z
verge_ebooks,2019-04-08T00:00:00.000Z
foreignpolicy,2021-03-10T00:00:00.000Z
letemps,2018-12-12T00:00:00.000Z
planlos_in_leipzig,2020-07-30T00:00:00.000Z
surrealmemes,2018-08-17T00:00:00.000Z
bodega,2018-08-21T00:00:00.000Z
bioRxiv_biophys,2022-11-01T00:00:00.000Z
museum_things,2018-08-24T00:00:00.000Z
SmashAdditions,2018-08-15T00:00:00.000Z
emmacatbot,2021-07-31T00:00:00.000Z
frolicbot,2018-08-20T00:00:00.000Z
meteo_galicia,2019-11-07T00:00:00.000Z
mist_veil,2018-09-04T00:00:00.000Z
dogebot,2019-06-08T00:00:00.000Z
lynnesbian_ebooks,2018-09-08T00:00:00.000Z
nycviewsbot,2020-03-29T00:00:00.000Z
hhra,2018-12-16T00:00:00.000Z
geekscottes,2019-01-05T00:00:00.000Z
astronomybot,2022-11-09T00:00:00.000Z
handshake,2019-08-27T00:00:00.000Z
worldsofzzt,2018-06-07T00:00:00.000Z
PixelMonsterBot,2018-09-22T00:00:00.000Z
EnjoyYourMastodon,2019-09-17T00:00:00.000Z
00dani_ebooks,2018-08-19T00:00:00.000Z
DailyIsland,2017-07-22T00:00:00.000Z
FFF_Muenster,2019-03-06T00:00:00.000Z
lofibeats,2020-06-23T00:00:00.000Z
ValidBot,2019-10-15T00:00:00.000Z
texgen_art,2019-02-10T00:00:00.000Z
tarot,2018-08-21T00:00:00.000Z
artefactCollection,2021-09-18T00:00:00.000Z
instanceideas,2018-03-27T00:00:00.000Z
Iran_FreeSoftware_events,2020-01-04T00:00:00.000Z
mysteriouscompassbot,2019-11-10T00:00:00.000Z
proverbs,2019-09-16T00:00:00.000Z
quasi_crystals,2018-07-30T00:00:00.000Z
GLOSSATORY,2017-04-17T00:00:00.000Z
hpr,2020-12-31T00:00:00.000Z
japanquake,2018-09-18T00:00:00.000Z
jozefprusa,2020-09-22T00:00:00.000Z
bmphax,2018-12-30T00:00:00.000Z
skidaddle,2018-08-31T00:00:00.000Z
botElectrico,2021-06-05T00:00:00.000Z
Gay_Neural_Network,2018-09-17T00:00:00.000Z
satnode,2021-01-11T00:00:00.000Z
ChunkyRaccoon,2019-04-29T00:00:00.000Z
insultos,2020-03-19T00:00:00.000Z
azul_pop,2022-11-28T00:00:00.000Z
migazin,2020-03-03T00:00:00.000Z
elbotdelhoroscopo,2019-02-19T00:00:00.000Z
iphoneticker,2019-01-22T00:00:00.000Z
ultradeepfield,2018-11-04T00:00:00.000Z
chucknorrisfacts,2018-05-17T00:00:00.000Z
garden,2019-02-09T00:00:00.000Z
dungeon_junk,2018-08-14T00:00:00.000Z
Hagrid,2018-10-15T00:00:00.000Z
nailpolishbot,2018-09-08T00:00:00.000Z
antifalinkems,2019-03-06T00:00:00.000Z
MTGCardLookup,2021-03-09T00:00:00.000Z
kachelmann,2019-02-23T00:00:00.000Z
wikihow,2021-08-17T00:00:00.000Z
panic,2018-07-03T00:00:00.000Z
persongenerator,2017-10-25T00:00:00.000Z
ril100,2022-03-06T00:00:00.000Z
pasmagritte,2018-11-02T00:00:00.000Z
losungen,2022-05-24T00:00:00.000Z
planetpostgresql,2022-11-08T00:00:00.000Z
sharpenart,2021-01-06T00:00:00.000Z
folder_memes,2022-11-06T00:00:00.000Z
majortom,2019-12-05T00:00:00.000Z
NZNewsByABot,2022-11-02T00:00:00.000Z
wholesomememes,2022-11-19T00:00:00.000Z
quizdelespace,2020-04-22T00:00:00.000Z
mannaggia,2018-11-09T00:00:00.000Z
GooseGameBot,2019-10-10T00:00:00.000Z
takenji1989pics,2019-08-13T00:00:00.000Z
GIFEarth,2022-11-20T00:00:00.000Z
InSpyroBot,2018-02-09T00:00:00.000Z
PuppersBot,2021-03-24T00:00:00.000Z
restroomgender,2018-08-17T00:00:00.000Z
Vorebot,2019-10-15T00:00:00.000Z
beetlesbot,2018-08-09T00:00:00.000Z
JPEGBot,2018-09-15T00:00:00.000Z
themountaingoats,2018-08-10T00:00:00.000Z
httpcodesbot,2019-05-31T00:00:00.000Z
astrokalender,2022-05-05T00:00:00.000Z
ClassicDWQuotes,2017-11-16T00:00:00.000Z
ClimateClockBot,2021-05-23T00:00:00.000Z
ARealRiver,2018-08-02T00:00:00.000Z
sicetsimpliciter,2018-10-27T00:00:00.000Z
gui_dreams,2018-03-27T00:00:00.000Z
countdown,2021-03-05T00:00:00.000Z
pleiades,2018-04-27T00:00:00.000Z
EtruscanCeramic,2018-09-07T00:00:00.000Z
everygay,2018-08-20T00:00:00.000Z
madness,2018-09-02T00:00:00.000Z
metanumbers,2019-11-07T00:00:00.000Z
FishingMinigame,2018-10-15T00:00:00.000Z
awoobot,2018-02-07T00:00:00.000Z
gamemagprintads,2022-11-06T00:00:00.000Z
glas_veil,2018-09-03T00:00:00.000Z
mastodonheadlinenews,2019-03-11T00:00:00.000Z
colours,2018-08-19T00:00:00.000Z
fruitmachine,2018-12-10T00:00:00.000Z
Mariano_Rajoy_bot,2020-03-21T00:00:00.000Z
spellbookimp,2022-05-17T00:00:00.000Z
earthboundbg,2018-08-23T00:00:00.000Z
dunequotes,2022-11-30T00:00:00.000Z
neuralfolkmotifs,2018-03-31T00:00:00.000Z
uniboxer,2018-09-05T00:00:00.000Z
bundescyberjob,2019-01-19T00:00:00.000Z
emojis,2017-04-08T00:00:00.000Z
softlandscapes,2021-01-10T00:00:00.000Z
ChuckNorris_ESP,2020-03-20T00:00:00.000Z
ddate,2018-08-28T00:00:00.000Z
trunk,2018-08-19T00:00:00.000Z
2meirl42meirl4meirl,2019-05-06T00:00:00.000Z
onthisday,2019-07-18T00:00:00.000Z
openbsd_src,2018-09-23T00:00:00.000Z
PedanticMagick,2018-08-01T00:00:00.000Z
scots,2019-04-05T00:00:00.000Z
tmbglyrics,2018-09-19T00:00:00.000Z
compartirbot,2017-10-24T00:00:00.000Z
genartbot,2018-10-27T00:00:00.000Z
what_if_paintings,2018-09-03T00:00:00.000Z
cheetah_a_day,2021-02-17T00:00:00.000Z
tiny_forests,2018-08-22T00:00:00.000Z
antennedus,2020-03-03T00:00:00.000Z
UnitooWebRadio,2020-02-02T00:00:00.000Z
bunnybooks,2018-12-09T00:00:00.000Z
dailyhyena,2018-08-23T00:00:00.000Z
anonymaus,2020-06-29T00:00:00.000Z
asciiglitch,2018-03-22T00:00:00.000Z
WikiMediaDeutschlandBlog,2022-04-23T00:00:00.000Z
aprs,2022-11-07T00:00:00.000Z
prophetootiae,2022-11-21T00:00:00.000Z
geomidis,2021-05-22T00:00:00.000Z
angry_scribbles,2018-09-02T00:00:00.000Z
deca_time,2022-03-17T00:00:00.000Z
glitchbot,2022-10-31T00:00:00.000Z
starwall_e,2018-11-05T00:00:00.000Z
4nf95q643hf8wy4987fqn,2021-02-20T00:00:00.000Z
k8s_releases,2022-11-04T00:00:00.000Z
prusa3D,2020-09-14T00:00:00.000Z
hamiltonian,2018-08-19T00:00:00.000Z
mamip_aws,2022-11-14T00:00:00.000Z
suggestedtalkingpoints,2018-09-14T00:00:00.000Z
kgegenrechts,2019-03-06T00:00:00.000Z
MetaArXivBot,2022-11-18T00:00:00.000Z
earthin24,2022-11-11T00:00:00.000Z
enamorate,2020-12-09T00:00:00.000Z
ffglitch,2020-02-15T00:00:00.000Z
everybody_ebooks,2018-09-21T00:00:00.000Z
decodeurs,2018-12-10T00:00:00.000Z
openbsd_ports,2018-09-23T00:00:00.000Z
tuxcrafting_but_better,2018-10-24T00:00:00.000Z
gamingnews,2022-12-03T00:00:00.000Z
louisajr,2020-12-15T00:00:00.000Z
gardelbot,2018-10-13T00:00:00.000Z
pkmnbattle,2018-06-25T00:00:00.000Z
pollbot,2018-07-07T00:00:00.000Z
autodoyle,2018-08-21T00:00:00.000Z
horacat,2020-01-08T00:00:00.000Z
bonequest,2018-05-17T00:00:00.000Z
breakinggovtech,2022-10-28T00:00:00.000Z
moreds9,2019-08-08T00:00:00.000Z
ominouszoom,2018-10-02T00:00:00.000Z
spanishflashcards,2020-03-19T00:00:00.000Z
suika,2018-08-03T00:00:00.000Z
WRBot,2022-11-16T00:00:00.000Z
BenShapiRobot,2018-08-28T00:00:00.000Z
bot_premios_lit,2022-06-11T00:00:00.000Z
ayi,2020-05-29T00:00:00.000Z
pokemonrates,2017-05-17T00:00:00.000Z
janesintel,2020-09-28T00:00:00.000Z
soundcloudsaid,2018-11-16T00:00:00.000Z
asevador,2022-11-06T00:00:00.000Z
GayUpdateBot,2018-08-20T00:00:00.000Z
genrenomicon,2021-09-16T00:00:00.000Z
selfportrait,2017-11-08T00:00:00.000Z
formen,2018-10-18T00:00:00.000Z
limportant,2018-01-28T00:00:00.000Z
nycdatabot,2021-05-14T00:00:00.000Z
Spacesh1ps,2017-07-17T00:00:00.000Z
chomedu,2020-08-28T00:00:00.000Z
cubestorm,2018-02-19T00:00:00.000Z
istrumpinprisonyet,2020-07-25T00:00:00.000Z
bahai,2018-11-20T00:00:00.000Z
californialandscape,2020-01-18T00:00:00.000Z
gradients,2020-12-05T00:00:00.000Z
socks,2018-08-18T00:00:00.000Z
GadgetBot,2019-01-25T00:00:00.000Z
PolGenerator,2018-06-10T00:00:00.000Z
future_junk,2018-08-23T00:00:00.000Z
regio_NRW,2019-03-15T00:00:00.000Z
junglworldfeed,2019-03-22T00:00:00.000Z
bercowbot,2019-09-03T00:00:00.000Z
KaikkiVaarin,2022-11-01T00:00:00.000Z
openbsd_stable,2018-09-23T00:00:00.000Z
bizbot,2017-04-08T00:00:00.000Z
card_game,2018-09-14T00:00:00.000Z
codingtrainbot,2018-10-01T00:00:00.000Z
doctormccoy,2018-08-22T00:00:00.000Z
messidor,2019-06-30T00:00:00.000Z
important_things,2018-07-22T00:00:00.000Z
promptodon,2020-08-23T00:00:00.000Z
ifictionbot,2018-01-12T00:00:00.000Z
space_stories,2018-08-29T00:00:00.000Z
brokennews,2022-11-04T00:00:00.000Z
oloturia_bot,2019-09-22T00:00:00.000Z
timelens,2018-06-02T00:00:00.000Z
yaoi,2018-10-22T00:00:00.000Z
metricsbot,2017-10-26T00:00:00.000Z
schratzomatic,2021-04-20T00:00:00.000Z
blakes7bot,2022-04-26T00:00:00.000Z
reporterohnegrenzen_feed,2022-04-23T00:00:00.000Z
viacampesina,2021-04-21T00:00:00.000Z
dicodigital,2019-07-24T00:00:00.000Z
ATM,2018-08-17T00:00:00.000Z
BestemmiaDelGiorno,2020-04-04T00:00:00.000Z
ererepublicaine,2022-11-22T00:00:00.000Z
factsbot,2020-10-31T00:00:00.000Z
neuralgae,2017-11-06T00:00:00.000Z
RadPanda,2022-11-21T00:00:00.000Z
schalkermythos,2019-02-24T00:00:00.000Z
unofficial_lwn,2020-08-10T00:00:00.000Z
Chocobot,2018-08-06T00:00:00.000Z
mobyshots,2018-08-28T00:00:00.000Z
openbenches,2018-08-20T00:00:00.000Z
a_cosmic_voyage,2018-08-20T00:00:00.000Z
coverart,2018-04-09T00:00:00.000Z
nepbot,2019-02-09T00:00:00.000Z
salmarutankontekst,2021-01-26T00:00:00.000Z
arxivstats,2018-05-25T00:00:00.000Z
ff8script,2022-11-25T00:00:00.000Z
ifs,2018-11-22T00:00:00.000Z
img,2018-09-09T00:00:00.000Z
wpschongewusst,2022-04-19T00:00:00.000Z
magic,2021-02-08T00:00:00.000Z
botducul,2018-03-05T00:00:00.000Z
nicenessbot,2018-08-17T00:00:00.000Z
nice_weather,2019-08-30T00:00:00.000Z
railwaystations,2020-07-29T00:00:00.000Z
mythologybutt,2018-08-15T00:00:00.000Z
philpapers_bot,2022-11-21T00:00:00.000Z
textmapper,2018-06-14T00:00:00.000Z
clinicaltrialsbot,2018-08-22T00:00:00.000Z
ukdtt,2022-04-26T00:00:00.000Z
magicitem,2018-08-20T00:00:00.000Z
ThinkBot,2019-06-26T00:00:00.000Z
blaguesrandom,2018-01-01T00:00:00.000Z
FipNowPlays,2018-01-20T00:00:00.000Z
BenedictCumberbot,2018-07-22T00:00:00.000Z
bot_negacionista,2022-05-27T00:00:00.000Z
goosebumps,2018-08-19T00:00:00.000Z
PokemonGameName,2020-09-13T00:00:00.000Z
AugmentedReality,2019-11-12T00:00:00.000Z
theonionbot,2019-03-11T00:00:00.000Z
BI_gegen_Rechts,2019-03-06T00:00:00.000Z
isledelux,2020-02-28T00:00:00.000Z
itjokester,2018-08-01T00:00:00.000Z
tempo,2021-06-01T00:00:00.000Z
cavebot,2020-04-22T00:00:00.000Z
colbyebooks,2018-09-13T00:00:00.000Z
dropbot,2018-05-16T00:00:00.000Z
NWStornado,2019-03-23T00:00:00.000Z
zufallsshirt,2022-11-07T00:00:00.000Z
botmakingsense,2022-11-10T00:00:00.000Z
ch_parl,2022-11-15T00:00:00.000Z
commandandcontrol,2018-09-02T00:00:00.000Z
opensslannounce,2022-11-20T00:00:00.000Z
pizza_goblin_ebooks,2018-10-04T00:00:00.000Z
TopicLords,2019-12-18T00:00:00.000Z
whatthecommit,2018-11-02T00:00:00.000Z
amightyhost,2017-04-14T00:00:00.000Z
tmbotg,2022-11-20T00:00:00.000Z
24heures,2019-07-17T00:00:00.000Z
Anime_Space_Opera_Screens,2017-04-15T00:00:00.000Z
billionaireinsult,2018-01-05T00:00:00.000Z
HNTitles,2022-11-27T00:00:00.000Z
wortschatz,2019-11-13T00:00:00.000Z
this_cat_does_not_exist,2022-11-22T00:00:00.000Z
tv_glitch,2018-08-28T00:00:00.000Z
cubadebate,2019-09-15T00:00:00.000Z
DailyAltruism,2018-10-31T00:00:00.000Z
LostN64,2019-03-04T00:00:00.000Z
tfwcatsbot,2018-08-23T00:00:00.000Z
bocaroad,2022-11-11T00:00:00.000Z
cthulhu_say,2018-12-15T00:00:00.000Z
kim,2021-03-09T00:00:00.000Z
partidopiratabr,2020-02-27T00:00:00.000Z
solar,2022-11-08T00:00:00.000Z
vantabot,2018-03-29T00:00:00.000Z
dalai_lama_quotes,2022-11-27T00:00:00.000Z
me_irl_bot,2021-02-08T00:00:00.000Z
starfleetsecurity,2022-11-21T00:00:00.000Z
traveller,2018-10-29T00:00:00.000Z
alibi602,2019-03-06T00:00:00.000Z
feiertage_de,2019-02-12T00:00:00.000Z
hackaday_projectbot,2019-04-28T00:00:00.000Z
InstanceEmoji,2018-12-19T00:00:00.000Z
QueerEye,2018-08-08T00:00:00.000Z
voronidols,2017-07-14T00:00:00.000Z
berlinwetter,2018-08-23T00:00:00.000Z
garrapinator,2019-03-27T00:00:00.000Z
mathbot,2022-11-10T00:00:00.000Z
quietscape,2018-08-18T00:00:00.000Z
randomweather,2020-04-01T00:00:00.000Z
emoji__polls,2020-07-19T00:00:00.000Z
HeardOnNPR,2018-08-24T00:00:00.000Z
obliquestions,2018-11-14T00:00:00.000Z
unicodeplus,2021-06-04T00:00:00.000Z
wordbot,2018-08-31T00:00:00.000Z
ohkrll,2018-03-11T00:00:00.000Z
scratchytdk,2018-08-11T00:00:00.000Z
thoughtshrapnel,2021-05-26T00:00:00.000Z
DLEveryFriday,2022-11-04T00:00:00.000Z
neuralspells,2018-09-02T00:00:00.000Z
NewOnNetflixUK,2022-11-16T00:00:00.000Z
atlasdavincibot,2019-01-15T00:00:00.000Z
DieHumanisten_Unofficial,2020-10-16T00:00:00.000Z
ds9Plots,2019-02-15T00:00:00.000Z
FursonaGen,2020-11-11T00:00:00.000Z
glitchgallery,2020-02-16T00:00:00.000Z
lediplo,2019-09-11T00:00:00.000Z
nintendocountdown,2019-06-14T00:00:00.000Z
SpaceTFRs,2022-11-11T00:00:00.000Z
Progarchives,2018-06-01T00:00:00.000Z
stoerungsmelder,2019-04-25T00:00:00.000Z
AdaPlanet,2020-08-21T00:00:00.000Z
BotDrawA,2022-11-15T00:00:00.000Z
cryptosolutionism,2018-08-11T00:00:00.000Z
robotrecipes,2018-08-21T00:00:00.000Z
undeadmerchant,2018-08-24T00:00:00.000Z
biorxiv_bioinformatics,2022-11-19T00:00:00.000Z
cocktails,2018-08-21T00:00:00.000Z
okfdeblog,2022-04-23T00:00:00.000Z
AITA,2022-11-12T00:00:00.000Z
annalisa,2018-08-23T00:00:00.000Z
eleicaobr,2020-11-08T00:00:00.000Z
enhancementsmoker,2018-08-23T00:00:00.000Z
ericrobokin,2019-02-05T00:00:00.000Z
girl_ebooks,2018-09-21T00:00:00.000Z
jouns,2018-12-03T00:00:00.000Z
NhlScores,2022-11-15T00:00:00.000Z
publiclab,2018-07-28T00:00:00.000Z
robotrimbaud,2019-10-11T00:00:00.000Z
Socialist_Party,2021-05-29T00:00:00.000Z
nose_ears,2022-07-20T00:00:00.000Z
openbsd_www,2018-09-23T00:00:00.000Z
hackeroo,2019-09-08T00:00:00.000Z
makibot,2019-04-29T00:00:00.000Z
newonbotwiki,2022-05-18T00:00:00.000Z
new_fruits,2019-02-01T00:00:00.000Z
todanpi,2018-07-23T00:00:00.000Z
agora,2021-01-17T00:00:00.000Z
linkdrop,2017-11-16T00:00:00.000Z
sejimuse,2018-07-24T00:00:00.000Z
snow,2022-11-17T00:00:00.000Z
extinctionfyi,2021-04-03T00:00:00.000Z
hourlycatbot,2022-11-15T00:00:00.000Z
polizei_nrw_ge,2019-02-27T00:00:00.000Z
shop_keeper,2018-08-31T00:00:00.000Z
topchessgames,2019-01-11T00:00:00.000Z
Ishiimbot,2019-02-05T00:00:00.000Z
necoposting,2022-06-27T00:00:00.000Z
new_flags,2020-10-26T00:00:00.000Z
slembisarpur,2022-11-19T00:00:00.000Z
atenno,2018-07-24T00:00:00.000Z
bandcampweekly,2020-12-04T00:00:00.000Z
businessman_exe,2018-10-02T00:00:00.000Z
chjortmanteau,2022-01-19T00:00:00.000Z
deepfiction_txt,2020-09-28T00:00:00.000Z
luigiasatank,2021-01-10T00:00:00.000Z
PrinceBot,2019-02-04T00:00:00.000Z
weallwantpeace,2019-06-17T00:00:00.000Z
GalegoTube,2022-11-15T00:00:00.000Z
LOLspam,2018-09-16T00:00:00.000Z
openbsd_cvs,2018-09-23T00:00:00.000Z
Rxiv_cytoskeleton,2022-11-02T00:00:00.000Z
screenmunger,2020-01-10T00:00:00.000Z
yelpoetry,2019-03-04T00:00:00.000Z
alutacontinua,2022-04-29T00:00:00.000Z
bgp,2019-10-11T00:00:00.000Z
herbarium,2018-08-27T00:00:00.000Z
rasarena,2018-07-24T00:00:00.000Z
sluginhand,2018-08-20T00:00:00.000Z
tinylittlehomes,2018-08-22T00:00:00.000Z
trakl,2022-11-24T00:00:00.000Z
UnicodeWatch,2022-11-19T00:00:00.000Z
wienvonoben,2022-11-04T00:00:00.000Z
4e20datarde,2022-01-11T00:00:00.000Z
allTheTyping,2018-08-21T00:00:00.000Z
dailyelectronicmusic,2022-11-21T00:00:00.000Z
graphicscorebot,2018-08-22T00:00:00.000Z
hexdescribe,2019-05-19T00:00:00.000Z
jeremy,2018-08-16T00:00:00.000Z
lhcstatus2,2021-04-01T00:00:00.000Z
peartreesbot,2019-01-26T00:00:00.000Z
skitteringsurveyor,2018-09-20T00:00:00.000Z
amsterdart,2019-06-05T00:00:00.000Z
eprijzen,2022-11-09T00:00:00.000Z
ffc,2020-12-21T00:00:00.000Z
iuliusbot,2018-12-21T00:00:00.000Z
milstrategy,2020-09-21T00:00:00.000Z
rebelion,2018-11-05T00:00:00.000Z
waltwhitman,2019-06-24T00:00:00.000Z
aerialbot,2022-11-25T00:00:00.000Z
africabot,2018-01-27T00:00:00.000Z
fuckeveryphilosopherbot,2022-11-22T00:00:00.000Z
ironmaninfinite,2018-08-18T00:00:00.000Z
legendarycreatures,2018-09-01T00:00:00.000Z
octavia_butler,2018-10-21T00:00:00.000Z
pi9cam,2022-11-06T00:00:00.000Z
RadioGeek,2017-04-20T00:00:00.000Z
randweather_bot,2018-08-18T00:00:00.000Z
SA1,2019-08-27T00:00:00.000Z
satsushika,2018-07-24T00:00:00.000Z
sokukahi,2018-07-23T00:00:00.000Z
yiffbot,2020-07-22T00:00:00.000Z
AbsurdistAscensions,2021-11-11T00:00:00.000Z
ahouijeconnais,2018-09-15T00:00:00.000Z
bookbot,2017-11-11T00:00:00.000Z
Covid19ar,2020-04-25T00:00:00.000Z
meowd,2019-01-26T00:00:00.000Z
pandarouroumeilan,2021-04-19T00:00:00.000Z
problembot,2019-02-13T00:00:00.000Z
WoolieWoolz,2020-08-02T00:00:00.000Z
cocktailfubar,2022-11-07T00:00:00.000Z
coinbot,2018-10-10T00:00:00.000Z
datafilesbot,2020-12-31T00:00:00.000Z
fotobot,2018-06-29T00:00:00.000Z
italian_gramsci,2021-03-28T00:00:00.000Z
Kerlossal,2017-05-02T00:00:00.000Z
pdx_skywatch,2022-11-16T00:00:00.000Z
pokedex_ebooks,2018-08-31T00:00:00.000Z
ReaganUpdate,2020-04-29T00:00:00.000Z
wikibot,2021-07-17T00:00:00.000Z
yarogaki,2018-07-23T00:00:00.000Z
Costanza,2022-10-31T00:00:00.000Z
dailystory,2021-04-10T00:00:00.000Z
emma,2018-12-29T00:00:00.000Z
giwayabi,2018-07-23T00:00:00.000Z
haarei,2018-07-24T00:00:00.000Z
imgay,2018-09-20T00:00:00.000Z
minty_beebooks,2018-08-21T00:00:00.000Z
spritesdotcom,2018-09-01T00:00:00.000Z
ZukunftsNews,2022-11-19T00:00:00.000Z
alexschroeder,2020-05-28T00:00:00.000Z
AnthonyDavis,2018-09-21T00:00:00.000Z
fediblock_archive,2020-10-20T00:00:00.000Z
FeinstaubFFM,2022-10-30T00:00:00.000Z
filmselect,2019-03-06T00:00:00.000Z
GalegoTwitch,2022-11-15T00:00:00.000Z
thatsOnTV,2019-07-02T00:00:00.000Z
tootear,2020-04-03T00:00:00.000Z
wordsquares,2018-08-21T00:00:00.000Z
10printbot,2017-10-14T00:00:00.000Z
chancemeetings,2018-06-25T00:00:00.000Z
cryptoandknuckles,2019-06-08T00:00:00.000Z
ntonomu,2018-07-24T00:00:00.000Z
patternrandom,2021-05-18T00:00:00.000Z
basicbot,2022-11-08T00:00:00.000Z
chitsugen,2018-07-24T00:00:00.000Z
Crypto_Saloperie_Digitaliseee,2018-06-07T00:00:00.000Z
dokakuhi,2018-07-23T00:00:00.000Z
EdArXivBot,2022-11-07T00:00:00.000Z
saboridopeter,2020-04-02T00:00:00.000Z
uselesscaptchas,2021-03-03T00:00:00.000Z
babyelephantgifs,2018-08-24T00:00:00.000Z
emojitoemoji,2018-08-21T00:00:00.000Z
metoo,2020-07-27T00:00:00.000Z
OSMBlogde,2021-02-03T00:00:00.000Z
SandmanQuotes,2022-11-25T00:00:00.000Z
everyDotGov,2022-11-07T00:00:00.000Z
FreeGameOnRedditBot,2020-04-08T00:00:00.000Z
NovemberRain,2018-11-16T00:00:00.000Z
Patchbot_de,2022-04-29T00:00:00.000Z
seinfeldfaces,2020-06-18T00:00:00.000Z
svufuturedrugs,2022-11-22T00:00:00.000Z
teatatuweather,2022-11-19T00:00:00.000Z
tiny_bus_stop,2022-11-15T00:00:00.000Z
unnumeroprimo,2019-01-02T00:00:00.000Z
awardsdarwin,2020-09-14T00:00:00.000Z
BotFinds,2018-10-12T00:00:00.000Z
classicalcomedy,2018-08-22T00:00:00.000Z
dpvp235,2018-06-06T00:00:00.000Z
EveryHSTrans,2020-10-10T00:00:00.000Z
Otome_Anime_Screens,2017-11-30T00:00:00.000Z
pollockdotexe,2018-08-06T00:00:00.000Z
puddingbot,2018-01-27T00:00:00.000Z
tinymazes,2022-11-05T00:00:00.000Z
why,2018-08-11T00:00:00.000Z
BeautifulArt,2021-08-19T00:00:00.000Z
gridmapper,2019-08-26T00:00:00.000Z
mechanobio,2022-11-06T00:00:00.000Z
nartranssus,2018-08-20T00:00:00.000Z
nyarai,2018-07-24T00:00:00.000Z
openbsd_xenocara,2018-09-23T00:00:00.000Z
planet_earth_ebooks,2019-02-20T00:00:00.000Z
sourcreampringles_SoundCloud,2020-06-29T00:00:00.000Z
videodreams,2018-12-16T00:00:00.000Z
AutoImagist,2018-09-17T00:00:00.000Z
derby_names,2019-03-04T00:00:00.000Z
GovCrawler_at,2020-01-13T00:00:00.000Z
jerome,2019-01-24T00:00:00.000Z
junkmail,2018-10-28T00:00:00.000Z
kinikuse,2018-07-24T00:00:00.000Z
NiftyBot,2019-11-09T00:00:00.000Z
nika_nrw,2019-03-06T00:00:00.000Z
showerthoughts,2018-12-04T00:00:00.000Z
trueindologybot,2019-06-10T00:00:00.000Z
blobcat,2019-10-30T00:00:00.000Z
covidregeln,2021-03-27T00:00:00.000Z
gomringador,2022-11-07T00:00:00.000Z
goniebu,2018-07-24T00:00:00.000Z
MidiDittyBOT,2018-11-21T00:00:00.000Z
openbsd_sets,2018-09-23T00:00:00.000Z
reviewofbots,2018-08-15T00:00:00.000Z
rheinbahn,2020-01-02T00:00:00.000Z
sbahn_hh_bot_inofficial,2022-11-09T00:00:00.000Z
buonanotte,2020-03-19T00:00:00.000Z
dynamicportraits,2018-09-25T00:00:00.000Z
fakelegends,2018-09-01T00:00:00.000Z
franhilos,2020-05-17T00:00:00.000Z
happymoonbot,2018-08-21T00:00:00.000Z
hibianime,2020-08-20T00:00:00.000Z
ms_keinenmeter,2019-03-06T00:00:00.000Z
precure_screenshots,2022-11-27T00:00:00.000Z
rabbiteveryhour,2022-11-24T00:00:00.000Z
skittybot,2019-02-05T00:00:00.000Z
vampireclans,2018-08-21T00:00:00.000Z
brainstorm,2018-09-20T00:00:00.000Z
CheerLights,2022-07-24T00:00:00.000Z
eclipses,2019-07-17T00:00:00.000Z
helloworld,2019-02-06T00:00:00.000Z
nounandthenouns,2018-08-25T00:00:00.000Z
riddlebot,2017-12-06T00:00:00.000Z
s0radio,2020-04-02T00:00:00.000Z
verbquests,2018-08-15T00:00:00.000Z
vulgar,2018-03-24T00:00:00.000Z
wikipedia_featured_content,2022-11-15T00:00:00.000Z
belowthesurface,2018-06-30T00:00:00.000Z
fluffybot,2018-04-10T00:00:00.000Z
FreifunkLG,2019-02-28T00:00:00.000Z
griswolds_smithy,2022-07-29T00:00:00.000Z
maddog,2020-05-24T00:00:00.000Z
mahabharabot,2018-08-18T00:00:00.000Z
mariomaker,2019-03-10T00:00:00.000Z
neuralwaifu,2019-04-02T00:00:00.000Z
nucleartrains,2019-01-29T00:00:00.000Z
OxfordSolarLive,2018-08-21T00:00:00.000Z
PinkFloydHourly,2022-12-06T00:00:00.000Z
podcastacular,2019-12-29T00:00:00.000Z
quaddicted_motd,2022-11-13T00:00:00.000Z
SpritesByBitsy,2022-11-21T00:00:00.000Z
streetcoverage,2019-03-06T00:00:00.000Z
swtitles,2018-10-14T00:00:00.000Z
theprisonerbot,2022-01-22T00:00:00.000Z
TootsAgainstHumanity,2018-11-19T00:00:00.000Z
UwUTranslator,2019-08-18T00:00:00.000Z
weglasern,2018-09-08T00:00:00.000Z
bibot,2018-08-10T00:00:00.000Z
fooddays,2019-04-24T00:00:00.000Z
God,2020-02-13T00:00:00.000Z
kafka,2022-11-13T00:00:00.000Z
moon,2019-09-03T00:00:00.000Z
mrrobotsays,2020-08-14T00:00:00.000Z
Oceanibot,2018-09-09T00:00:00.000Z
qbot,2018-11-22T00:00:00.000Z
realfestivals,2018-08-21T00:00:00.000Z
rebour76,2019-08-07T00:00:00.000Z
reservoirbots,2021-01-30T00:00:00.000Z
Siphonay_ebooks,2018-01-23T00:00:00.000Z
YuleLogBot,2018-11-30T00:00:00.000Z
dbztitles,2018-07-04T00:00:00.000Z
doskvolscores,2022-11-22T00:00:00.000Z
micrackbiron,2019-09-10T00:00:00.000Z
poeticdevice,2022-11-07T00:00:00.000Z
scooterquote,2018-09-08T00:00:00.000Z
SherlockHolmesQuotes,2022-11-18T00:00:00.000Z
sic,2021-07-27T00:00:00.000Z
talkingbotblues,2017-11-14T00:00:00.000Z
themaninquotes,2022-05-24T00:00:00.000Z
tux,2019-09-19T00:00:00.000Z
zitalbot,2019-11-27T00:00:00.000Z
botflix,2018-07-05T00:00:00.000Z
complimenter,2018-09-08T00:00:00.000Z
desires_exe,2018-09-14T00:00:00.000Z
invest_b33,2019-09-02T00:00:00.000Z
kevins_frittatas,2019-02-18T00:00:00.000Z
kyoanipictbot,2022-11-06T00:00:00.000Z
MadestMadness,2019-09-17T00:00:00.000Z
portraitOfAmericanJews,2018-12-26T00:00:00.000Z
PrincessToadstool,2019-08-27T00:00:00.000Z
rccelta,2022-11-16T00:00:00.000Z
setu,2021-03-03T00:00:00.000Z
sharedrandomvalue,2020-05-17T00:00:00.000Z
sos_desaparecidos,2021-09-07T00:00:00.000Z
todayisfridayincalifornia,2022-11-08T00:00:00.000Z
actual_instances,2018-08-16T00:00:00.000Z
botechre,2021-10-18T00:00:00.000Z
brand_new_facts,2018-09-06T00:00:00.000Z
cofequests,2020-06-16T00:00:00.000Z
countdownY2K38,2022-11-29T00:00:00.000Z
deprocrastinate,2020-08-31T00:00:00.000Z
dreamtrick,2019-01-11T00:00:00.000Z
elonmusk,2019-02-25T00:00:00.000Z
FRCtimekeeper,2021-09-25T00:00:00.000Z
keyofdreams,2019-05-30T00:00:00.000Z
krautreporter,2022-11-14T00:00:00.000Z
linkarchiver,2018-09-07T00:00:00.000Z
MakingInvisible,2018-08-11T00:00:00.000Z
MeIRLBot,2018-03-09T00:00:00.000Z
mkeroadtrip,2019-07-25T00:00:00.000Z
pabloinspiration,2018-10-21T00:00:00.000Z
python2018bot,2018-12-19T00:00:00.000Z
rollem,2022-11-19T00:00:00.000Z
ruemorgue,2020-06-14T00:00:00.000Z
ShakespeareQuotes,2022-11-25T00:00:00.000Z
Trichet_Nested,2022-11-10T00:00:00.000Z
AlaskaQuakeBot,2022-11-24T00:00:00.000Z
AudioSweetener,2019-01-09T00:00:00.000Z
dailyquote,2019-06-05T00:00:00.000Z
DailyZetsubou,2020-05-11T00:00:00.000Z
eleskar_bot,2020-02-20T00:00:00.000Z
gaynumbers,2022-09-21T00:00:00.000Z
jameswebb,2022-12-02T00:00:00.000Z
linguistlistmirror,2019-02-12T00:00:00.000Z
mazegenerator,2018-08-28T00:00:00.000Z
ProChoice_MS,2019-03-06T00:00:00.000Z
servebot3000,2018-08-22T00:00:00.000Z
sheeptime,2019-07-21T00:00:00.000Z
Sylvhem,2018-02-04T00:00:00.000Z
TommyWestphall,2018-08-26T00:00:00.000Z
wmatarac,2020-11-13T00:00:00.000Z
acgnmusic,2021-07-14T00:00:00.000Z
autocompletejok,2018-09-18T00:00:00.000Z
BraffPatterns,2018-08-21T00:00:00.000Z
ChicagoCTA,2018-09-30T00:00:00.000Z
euphobot,2019-04-29T00:00:00.000Z
ff7script,2022-11-28T00:00:00.000Z
hammurabot,2020-12-12T00:00:00.000Z
happyendingbot,2022-11-06T00:00:00.000Z
harry_botter_de,2019-07-29T00:00:00.000Z
hz_co2,2022-11-20T00:00:00.000Z
Kirinebooks,2020-01-19T00:00:00.000Z
missingno,2018-03-22T00:00:00.000Z
notplaying,2018-10-24T00:00:00.000Z
playlist,2021-02-14T00:00:00.000Z
sanran,2018-08-01T00:00:00.000Z
ssh_users,2019-02-23T00:00:00.000Z
TPIRTitleBot,2022-11-27T00:00:00.000Z
wanderingabove,2022-11-13T00:00:00.000Z
washlet,2019-02-02T00:00:00.000Z
amolith_ebooks,2021-04-26T00:00:00.000Z
askurza,2018-09-20T00:00:00.000Z
badgers,2022-11-19T00:00:00.000Z
dankwraith_ebooks,2018-09-12T00:00:00.000Z
darksoulsofwhatever,2018-07-22T00:00:00.000Z
df2jkpics,2022-04-17T00:00:00.000Z
digitalefreiheit,2019-06-26T00:00:00.000Z
dsmpwiki,2022-01-05T00:00:00.000Z
gbifmammut,2022-11-07T00:00:00.000Z
geschichtenkapsel,2018-09-11T00:00:00.000Z
hiscursedness,2019-09-11T00:00:00.000Z
icgames,2022-11-07T00:00:00.000Z
JimCantoreBot,2018-10-10T00:00:00.000Z
malcolm_ebooks,2018-08-29T00:00:00.000Z
MusicMOD,2022-11-10T00:00:00.000Z
ScreenshotsOfDispairFromTumblr,2018-12-12T00:00:00.000Z
untitled,2018-09-10T00:00:00.000Z
anon_mastodonte_br,2018-08-21T00:00:00.000Z
aosbot,2021-05-14T00:00:00.000Z
aurallets,2021-03-28T00:00:00.000Z
bepis_university,2019-02-23T00:00:00.000Z
ComputerSciWizApp,2022-05-26T00:00:00.000Z
erin_robot,2021-06-04T00:00:00.000Z
fuckingshakespeare,2018-09-21T00:00:00.000Z
harry_botter,2019-06-12T00:00:00.000Z
isoTropes,2018-08-15T00:00:00.000Z
jourbot,2022-11-13T00:00:00.000Z
lapidary_usw,2020-08-07T00:00:00.000Z
LOUDBOT,2018-09-17T00:00:00.000Z
madikov,2019-11-11T00:00:00.000Z
MechaMaskedOwl,2017-05-19T00:00:00.000Z
okalbumart,2018-08-26T00:00:00.000Z
pillomon,2018-09-01T00:00:00.000Z
pow_pow_usa,2019-09-21T00:00:00.000Z
shindogu,2018-07-24T00:00:00.000Z
whydoesr,2022-12-01T00:00:00.000Z
yeteedaily,2021-04-18T00:00:00.000Z
almanac,2018-12-18T00:00:00.000Z
ArpeggioBot,2020-08-09T00:00:00.000Z
atomik,2019-02-05T00:00:00.000Z
compoBot,2020-09-17T00:00:00.000Z
ds9_ebooks,2019-01-17T00:00:00.000Z
esperantavortaro,2020-09-08T00:00:00.000Z
EthanMarsDad,2018-08-21T00:00:00.000Z
fishtank,2019-10-02T00:00:00.000Z
hourly_goats,2022-11-20T00:00:00.000Z
illustrated_me,2018-10-03T00:00:00.000Z
janeausten,2018-08-17T00:00:00.000Z
kvirroboto,2019-01-20T00:00:00.000Z
not_aws,2022-11-30T00:00:00.000Z
spicy,2018-08-28T00:00:00.000Z
StratRead,2018-08-20T00:00:00.000Z
tragic8ball,2018-09-06T00:00:00.000Z
web3pavestheway,2022-09-13T00:00:00.000Z
22000texts,2018-08-25T00:00:00.000Z
amazey_ebooks,2019-03-06T00:00:00.000Z
au_numerique,2021-04-04T00:00:00.000Z
bahai_wiki,2018-12-14T00:00:00.000Z
balladependus,2019-03-28T00:00:00.000Z
bitsuibu,2018-07-30T00:00:00.000Z
crab_journey,2019-02-25T00:00:00.000Z
DecadeOldHN,2020-07-30T00:00:00.000Z
eevee,2019-02-08T00:00:00.000Z
effing_hank,2022-11-09T00:00:00.000Z
gamesatwork_biz,2022-10-29T00:00:00.000Z
hypno__bot,2022-05-10T00:00:00.000Z
lojbot,2018-09-02T00:00:00.000Z
new_in_qss,2022-11-21T00:00:00.000Z
Obelisk,2018-08-21T00:00:00.000Z
ProvInstant,2022-11-19T00:00:00.000Z
rwbymarkov,2018-12-09T00:00:00.000Z
stalker_txt,2022-04-12T00:00:00.000Z
ubl,2019-03-29T00:00:00.000Z
verylongwalk,2022-10-29T00:00:00.000Z
WineReleaseBot,2019-07-09T00:00:00.000Z
aggrochat,2022-11-22T00:00:00.000Z
aRtsy_package,2022-11-04T00:00:00.000Z
botduconnemara,2018-01-27T00:00:00.000Z
crypt_zones,2018-08-24T00:00:00.000Z
dedication_bot,2022-11-28T00:00:00.000Z
digital_creamy,2018-12-06T00:00:00.000Z
doubledexposure,2018-08-13T00:00:00.000Z
duitslandnieuws,2018-04-30T00:00:00.000Z
everylotcambma,2019-06-02T00:00:00.000Z
gamerbot,2019-02-08T00:00:00.000Z
huebot,2021-07-15T00:00:00.000Z
ifeelok,2018-08-22T00:00:00.000Z
jinkaku,2018-08-03T00:00:00.000Z
nisargadatta,2020-08-02T00:00:00.000Z
octoprint3d,2020-09-25T00:00:00.000Z
ouloco,2019-05-31T00:00:00.000Z
pocketpcch,2022-11-08T00:00:00.000Z
Poly_the_Parrot,2018-09-14T00:00:00.000Z
qingbot,2020-07-07T00:00:00.000Z
RoadsideAttactions,2020-07-15T00:00:00.000Z
StreamerBans,2022-11-18T00:00:00.000Z
teabot,2022-11-26T00:00:00.000Z
vieswoordvandedag,2018-09-23T00:00:00.000Z
whattheday,2019-01-03T00:00:00.000Z
yearbooks,2018-10-30T00:00:00.000Z
12whatisthis,2018-08-17T00:00:00.000Z
akaibook,2019-02-17T00:00:00.000Z
apparently_holzer,2022-06-29T00:00:00.000Z
EdTechNews,2022-11-21T00:00:00.000Z
fybo_etf,2021-01-07T00:00:00.000Z
hagakure,2018-07-08T00:00:00.000Z
incrediblebot,2019-12-28T00:00:00.000Z
kaia_ebooks,2018-09-09T00:00:00.000Z
laughingman,2019-01-04T00:00:00.000Z
narrowbotr,2022-11-13T00:00:00.000Z
nonogram_bot,2018-08-29T00:00:00.000Z
p1gnet0,2022-05-10T00:00:00.000Z
petitionsfr,2021-01-16T00:00:00.000Z
robotgirl_ebooks,2018-09-24T00:00:00.000Z
sadcatstarryebooks,2018-11-16T00:00:00.000Z
savemastodon,2019-01-18T00:00:00.000Z
scsupremecourt,2022-04-26T00:00:00.000Z
springbreak,2020-12-20T00:00:00.000Z
TopWikiNL,2022-11-08T00:00:00.000Z
yurucamppicbot,2022-11-08T00:00:00.000Z
ariadellest,2020-06-27T00:00:00.000Z
bepisboard_top_100,2019-02-21T00:00:00.000Z
cern,2018-08-18T00:00:00.000Z
commitstripfr,2021-06-23T00:00:00.000Z
crayon_press_secretary,2018-08-23T00:00:00.000Z
DKPUNCH,2021-08-06T00:00:00.000Z
flurry,2019-01-08T00:00:00.000Z
Haddock_ML,2018-06-05T00:00:00.000Z
horrorterror,2019-02-10T00:00:00.000Z
HurricaneBot,2018-09-12T00:00:00.000Z
ifmsnews,2022-06-21T00:00:00.000Z
jasons,2021-01-28T00:00:00.000Z
kon_picturebot,2022-11-12T00:00:00.000Z
longmont_weather,2018-12-31T00:00:00.000Z
lyinghammock,2022-11-06T00:00:00.000Z
mastodril,2018-11-22T00:00:00.000Z
minecraftofbots,2021-05-02T00:00:00.000Z
mtgFlavors,2020-12-30T00:00:00.000Z
mysticsymbot,2021-06-20T00:00:00.000Z
phoebebridgersbot,2020-07-17T00:00:00.000Z
QueerRhymes,2022-07-26T00:00:00.000Z
rincewind,2019-03-17T00:00:00.000Z
sinabooks,2019-06-19T00:00:00.000Z
skyranchobs,2022-11-11T00:00:00.000Z
storedin,2018-08-26T00:00:00.000Z
tildeteltoot,2019-04-28T00:00:00.000Z
TroveAirBot,2022-11-13T00:00:00.000Z
wizard_roll_call,2022-11-09T00:00:00.000Z
3uhrmorgens,2020-03-13T00:00:00.000Z
advice,2018-09-02T00:00:00.000Z
afawestfalen,2019-11-06T00:00:00.000Z
Amaterasu,2019-06-18T00:00:00.000Z
broadcast,2018-12-18T00:00:00.000Z
CampaignEmailAI,2022-11-05T00:00:00.000Z
complainingaboutmastercommits,2021-01-17T00:00:00.000Z
covid_ygk,2022-06-04T00:00:00.000Z
crackapack,2018-08-24T00:00:00.000Z
deepchristmas,2018-09-12T00:00:00.000Z
Democritus_Junior,2020-03-27T00:00:00.000Z
fablab_allgaeu,2019-01-16T00:00:00.000Z
fax2mastodon,2020-12-28T00:00:00.000Z
genderRenderer,2021-05-23T00:00:00.000Z
geometry_bot,2020-02-03T00:00:00.000Z
ifhub,2017-06-16T00:00:00.000Z
jimbot,2022-04-29T00:00:00.000Z
junkee_aus,2018-08-30T00:00:00.000Z
KamurochoFriday,2022-10-11T00:00:00.000Z
kollegin,2019-05-28T00:00:00.000Z
lidia_ebooks,2019-06-29T00:00:00.000Z
lisphoro,2022-05-02T00:00:00.000Z
lni,2020-10-17T00:00:00.000Z
mecapoesie,2022-11-18T00:00:00.000Z
mirspreader,2019-11-10T00:00:00.000Z
nhitebu,2018-08-03T00:00:00.000Z
oneforall,2020-01-16T00:00:00.000Z
paintbot,2020-04-22T00:00:00.000Z
pindoramabot,2022-11-19T00:00:00.000Z
qcindiedotcom,2022-11-21T00:00:00.000Z
robophillous,2020-04-09T00:00:00.000Z
ro_bot_dylan,2022-07-27T00:00:00.000Z
sapphaobot,2019-03-07T00:00:00.000Z
SlowMovies,2022-11-06T00:00:00.000Z
SouthWhidbeyBirds,2022-11-19T00:00:00.000Z
vexillographing,2018-12-01T00:00:00.000Z
waveland,2020-02-08T00:00:00.000Z
artworkbot,2022-12-02T00:00:00.000Z
asdf_vm,2020-12-19T00:00:00.000Z
AtticusPoetry,2020-04-13T00:00:00.000Z
chaosjetzt_mumble,2020-08-27T00:00:00.000Z
costumes,2019-10-21T00:00:00.000Z
cyberpainting,2018-09-23T00:00:00.000Z
Elizatron,2022-11-13T00:00:00.000Z
EmojiPrincesses,2022-11-11T00:00:00.000Z
fiftyshades,2020-05-21T00:00:00.000Z
GBGrid_Wind,2022-11-13T00:00:00.000Z
GukhanWikiNews,2022-05-17T00:00:00.000Z
hemidate,2018-09-26T00:00:00.000Z
infozentrale,2019-03-06T00:00:00.000Z
jobot,2019-09-13T00:00:00.000Z
kartgen,2020-01-23T00:00:00.000Z
kernelsprite,2019-12-02T00:00:00.000Z
learnyourscales,2021-01-12T00:00:00.000Z
NightMargin,2020-11-29T00:00:00.000Z
ohfuckits,2019-01-31T00:00:00.000Z
picoCAD_Daily,2022-11-18T00:00:00.000Z
pie_books,2019-02-05T00:00:00.000Z
sailingnews,2022-06-26T00:00:00.000Z
SpeedForce,2018-01-10T00:00:00.000Z
SquaresBot,2020-11-25T00:00:00.000Z
station13,2018-08-25T00:00:00.000Z
sudoku_bot,2019-09-09T00:00:00.000Z
swiftbecky13,2018-09-02T00:00:00.000Z
variations,2020-08-11T00:00:00.000Z
voirapp,2019-03-27T00:00:00.000Z
AnimaniacsCaps,2020-11-03T00:00:00.000Z
asierich,2019-02-27T00:00:00.000Z
badicd,2019-09-06T00:00:00.000Z
basho,2018-07-27T00:00:00.000Z
BiscuitChinois,2018-12-13T00:00:00.000Z
BookChains,2018-08-21T00:00:00.000Z
bot_sandbox,2020-04-21T00:00:00.000Z
check_out_my_band,2018-08-31T00:00:00.000Z
courier,2019-02-05T00:00:00.000Z
dcskycam,2022-11-20T00:00:00.000Z
DolfinWX,2022-11-14T00:00:00.000Z
DoremiRobo,2022-11-27T00:00:00.000Z
emmapocalypse,2020-11-09T00:00:00.000Z
f1toots,2022-11-12T00:00:00.000Z
getcooking,2022-05-01T00:00:00.000Z
gluster,2019-03-01T00:00:00.000Z
gnuerror,2022-11-08T00:00:00.000Z
grassrootsinternational,2021-06-06T00:00:00.000Z
imani,2018-10-24T00:00:00.000Z
io_ebooks,2018-10-10T00:00:00.000Z
jkirchartz_exe,2018-08-23T00:00:00.000Z
KeysmashBot,2020-07-16T00:00:00.000Z
knuxify_ebooks,2019-05-12T00:00:00.000Z
kontakt,2021-04-08T00:00:00.000Z
krasnasandor,2019-10-11T00:00:00.000Z
kt19weather,2018-08-18T00:00:00.000Z
landschaftsfotos,2022-05-18T00:00:00.000Z
MICOLITHE_TXT,2019-11-29T00:00:00.000Z
MyDudes,2022-11-09T00:00:00.000Z
notpodracing,2018-08-15T00:00:00.000Z
nowplaying,2022-11-22T00:00:00.000Z
OCRJGXPYLXOIMX,2019-03-21T00:00:00.000Z
PEIGuardian,2022-11-22T00:00:00.000Z
pinouts4u,2019-02-01T00:00:00.000Z
qolour,2020-05-06T00:00:00.000Z
reboundbot,2022-11-06T00:00:00.000Z
remscope,2019-10-09T00:00:00.000Z
smart_conclusions,2019-09-07T00:00:00.000Z
whinygenealogy,2018-08-14T00:00:00.000Z
yb_ebooks,2018-08-02T00:00:00.000Z
5oclocksomewhere,2022-11-20T00:00:00.000Z
a2z,2018-09-26T00:00:00.000Z
abstranslucence,2022-11-10T00:00:00.000Z
BerniesMittens,2021-01-23T00:00:00.000Z
boteringRam,2018-12-28T00:00:00.000Z
caebooks,2020-03-07T00:00:00.000Z
cafecomalecrim,2022-11-23T00:00:00.000Z
cakecontrib,2020-01-27T00:00:00.000Z
dru,2019-06-06T00:00:00.000Z
everypatch,2018-12-13T00:00:00.000Z
fuck_cars_bot,2022-11-25T00:00:00.000Z
garbados,2018-03-19T00:00:00.000Z
grinchnight,2020-11-13T00:00:00.000Z
hackgfk_311,2018-11-02T00:00:00.000Z
HuBot,2020-07-13T00:00:00.000Z
ItsBiNotStraight,2022-11-19T00:00:00.000Z
jedibot,2019-01-02T00:00:00.000Z
jojobot,2019-03-13T00:00:00.000Z
lucydemo,2020-04-03T00:00:00.000Z
madamelulu,2019-03-13T00:00:00.000Z
meAlicia,2018-12-07T00:00:00.000Z
moa,2018-12-11T00:00:00.000Z
ncalifornias,2018-12-09T00:00:00.000Z
NewAvengers,2020-01-04T00:00:00.000Z
nimoy,2021-08-03T00:00:00.000Z
NoContextBobsBurgers,2022-11-21T00:00:00.000Z
No_hay_bot,2018-08-22T00:00:00.000Z
nrk,2019-04-29T00:00:00.000Z
oldtownbot,2019-05-27T00:00:00.000Z
oomph,2022-09-22T00:00:00.000Z
PascalsMagma,2022-11-10T00:00:00.000Z
phlox,2019-08-05T00:00:00.000Z
posscross,2020-07-31T00:00:00.000Z
R1BNCbot,2019-12-22T00:00:00.000Z
RebottaSugar,2018-08-22T00:00:00.000Z
RejectedKongs,2019-06-18T00:00:00.000Z
sansimgur,2019-05-24T00:00:00.000Z
Silly_Meter,2020-01-06T00:00:00.000Z
soundtrack,2020-03-12T00:00:00.000Z
t3extensions,2022-11-27T00:00:00.000Z
TheDeadDoNot,2022-11-08T00:00:00.000Z
topst,2019-01-08T00:00:00.000Z
affirmations,2018-09-04T00:00:00.000Z
betterbot,2022-11-20T00:00:00.000Z
candidstyle,2020-06-23T00:00:00.000Z
CfsMunster_Bot,2020-08-06T00:00:00.000Z
chaosdorf_wiki,2022-11-18T00:00:00.000Z
ciel_ebooks,2019-03-03T00:00:00.000Z
conky_3000,2018-08-15T00:00:00.000Z
DeepTouk,2019-05-14T00:00:00.000Z
dow,2022-11-07T00:00:00.000Z
drmart,2021-01-21T00:00:00.000Z
entropic_toots,2018-12-02T00:00:00.000Z
excellent,2019-01-04T00:00:00.000Z
fastodon,2019-01-03T00:00:00.000Z
FCDOAnswers,2022-11-29T00:00:00.000Z
fortunes_spam,2018-10-23T00:00:00.000Z
harrypooper,2019-12-27T00:00:00.000Z
HitherCameConan,2021-03-12T00:00:00.000Z
hugoroyd,2019-11-11T00:00:00.000Z
icenine,2022-11-06T00:00:00.000Z
ImaginaryTubes,2022-11-20T00:00:00.000Z
impfstatus,2022-11-14T00:00:00.000Z
isitvalid,2020-06-08T00:00:00.000Z
jargon,2020-08-28T00:00:00.000Z
johnkeats,2022-11-20T00:00:00.000Z
lines,2019-09-26T00:00:00.000Z
mashablebot,2019-03-11T00:00:00.000Z
mastochopper,2022-11-24T00:00:00.000Z
memoirshuffle,2018-08-18T00:00:00.000Z
ohno,2018-12-19T00:00:00.000Z
QuelParti,2021-09-19T00:00:00.000Z
quicosalles_bot,2021-05-22T00:00:00.000Z
realhorsebirdnames,2019-09-01T00:00:00.000Z
satellite_launcher,2019-11-03T00:00:00.000Z
thenationalbot,2019-05-29T00:00:00.000Z
790Poetry,2022-11-18T00:00:00.000Z
AikoKikyuune,2020-01-09T00:00:00.000Z
algorhythms,2021-01-15T00:00:00.000Z
archangelicebooks,2018-10-29T00:00:00.000Z
beaubot,2018-10-12T00:00:00.000Z
betbotv2,2019-09-19T00:00:00.000Z
Bob_Sequious,2018-08-15T00:00:00.000Z
charts,2018-09-06T00:00:00.000Z
chords,2022-11-18T00:00:00.000Z
computotune,2021-02-19T00:00:00.000Z
crimeduo,2022-11-03T00:00:00.000Z
dogposting,2022-11-19T00:00:00.000Z
everytreenyc,2022-11-25T00:00:00.000Z
fahrradstrasse,2022-11-15T00:00:00.000Z
fakebossfight,2018-08-25T00:00:00.000Z
FediGanda,2022-11-03T00:00:00.000Z
fracturedcrystal,2021-04-20T00:00:00.000Z
GamersGlobal,2019-02-24T00:00:00.000Z
gaur_lanera,2022-02-11T00:00:00.000Z
GBGrid_Solar,2022-12-01T00:00:00.000Z
glutebot,2018-10-11T00:00:00.000Z
googleimagebot99,2020-05-21T00:00:00.000Z
hackgfk_311_ebooks,2020-08-09T00:00:00.000Z
hsk_words,2022-11-11T00:00:00.000Z
IsambardPrince,2022-11-19T00:00:00.000Z
jeffbot,2017-05-18T00:00:00.000Z
JWSTobservation,2022-11-13T00:00:00.000Z
KevSaund_ebooks,2018-09-28T00:00:00.000Z
kjv,2018-11-26T00:00:00.000Z
knucktats,2019-10-03T00:00:00.000Z
lenbot,2020-03-25T00:00:00.000Z
Lin_Manuel_Bot,2018-12-13T00:00:00.000Z
Lyekka,2022-11-20T00:00:00.000Z
Magnitude,2018-10-03T00:00:00.000Z
mountains_of_modernity,2020-02-06T00:00:00.000Z
mytaqheam,2021-01-03T00:00:00.000Z
n8acl_aprs,2020-12-14T00:00:00.000Z
new_sentences,2020-01-08T00:00:00.000Z
nightcrew,2018-11-19T00:00:00.000Z
notyourbot1,2022-11-18T00:00:00.000Z
oblique,2019-11-05T00:00:00.000Z
osmapper,2019-10-12T00:00:00.000Z
prophet,2019-01-27T00:00:00.000Z
randochrontendo,2022-11-06T00:00:00.000Z
resistance_is_cute,2018-08-21T00:00:00.000Z
rm,2019-08-08T00:00:00.000Z
rpgitem,2022-07-04T00:00:00.000Z
schlaglochzeilen,2019-09-03T00:00:00.000Z
siarq_sensors,2020-01-05T00:00:00.000Z
SPINObvestila,2020-02-21T00:00:00.000Z
TheArchTraitor,2022-11-18T00:00:00.000Z
TheLexxBug,2022-11-19T00:00:00.000Z
thewordlebot,2022-11-25T00:00:00.000Z
TheZevXev,2022-11-18T00:00:00.000Z
Trivelino,2018-10-30T00:00:00.000Z
trolls,2019-06-27T00:00:00.000Z
troperoulette,2018-09-03T00:00:00.000Z
truequotation,2022-11-21T00:00:00.000Z
trwnh_ebooks,2020-02-08T00:00:00.000Z
4cast,2020-08-13T00:00:00.000Z
abstract,2018-10-10T00:00:00.000Z
BeachbumBotty,2022-04-25T00:00:00.000Z
blackletterwalk,2018-12-01T00:00:00.000Z
bootlegmario,2019-07-09T00:00:00.000Z
bot2000,2022-08-15T00:00:00.000Z
bottybot,2022-11-13T00:00:00.000Z
bronkobot,2022-12-03T00:00:00.000Z
chengchaozz,2018-09-26T00:00:00.000Z
colophonbooks,2019-09-20T00:00:00.000Z
coochbot,2018-12-05T00:00:00.000Z
CYOA_ebooks,2022-11-22T00:00:00.000Z
dados,2020-04-24T00:00:00.000Z
dansunegalaxie,2022-11-15T00:00:00.000Z
digitalswamp,2020-05-12T00:00:00.000Z
DomusSapiens,2022-11-05T00:00:00.000Z
DXRandoActivity,2022-11-05T00:00:00.000Z
EMC_CDs,2022-11-07T00:00:00.000Z
eminemlyricbot,2020-05-23T00:00:00.000Z
etma,2018-10-01T00:00:00.000Z
Flufflebot,2018-08-25T00:00:00.000Z
frantisek,2019-01-10T00:00:00.000Z
grigornaregatsi,2022-11-20T00:00:00.000Z
IAmABotAMA,2017-07-29T00:00:00.000Z
ihopmenubot,2018-10-13T00:00:00.000Z
jakubebookz,2019-11-19T00:00:00.000Z
Kaisraspi,2019-01-02T00:00:00.000Z
kingdoot,2018-10-05T00:00:00.000Z
kiseki,2020-11-09T00:00:00.000Z
kurisu,2020-11-12T00:00:00.000Z
LinksAwakeningEbooks,2022-11-20T00:00:00.000Z
lobstersbot,2018-08-19T00:00:00.000Z
MagicSchoolBot,2020-05-18T00:00:00.000Z
maya,2022-06-18T00:00:00.000Z
MensaarBot,2018-10-11T00:00:00.000Z
MysticChurch,2018-10-09T00:00:00.000Z
need4approval,2020-05-25T00:00:00.000Z
philbotspeaks,2022-11-21T00:00:00.000Z
pourquoi,2018-08-25T00:00:00.000Z
randombot,2021-01-31T00:00:00.000Z
randommstein,2022-11-17T00:00:00.000Z
readytoeat,2018-08-26T00:00:00.000Z
RMTest,2017-08-28T00:00:00.000Z
RobotizzatoAmorepostaggioPan,2020-01-13T00:00:00.000Z
ryminbot,2022-05-16T00:00:00.000Z
sandvjobs,2022-11-26T00:00:00.000Z
SCCCovidGraphs,2022-11-24T00:00:00.000Z
schoenbot,2021-01-15T00:00:00.000Z
scholar,2019-03-13T00:00:00.000Z
seriumu_ebooks,2018-09-28T00:00:00.000Z
sfv_ca_usa_speedy_planes,2022-06-12T00:00:00.000Z
Siltavahti,2022-11-11T00:00:00.000Z
SnacksEbooks,2019-01-13T00:00:00.000Z
spectacles_xix,2022-11-16T00:00:00.000Z
stacysmom,2018-09-16T00:00:00.000Z
tbrn,2022-11-17T00:00:00.000Z
tender_etexts,2017-12-28T00:00:00.000Z
twistedplots,2022-08-25T00:00:00.000Z
unconscious,2021-03-08T00:00:00.000Z
variations_on_variations,2020-01-06T00:00:00.000Z
warriorcatbot,2019-04-27T00:00:00.000Z
whatnot,2019-12-13T00:00:00.000Z
YouJustLost,2018-12-06T00:00:00.000Z
aanvvv,2022-05-20T00:00:00.000Z
aethred,2020-11-27T00:00:00.000Z
AmazingNewbot,2022-11-03T00:00:00.000Z
anthaeum,2019-09-16T00:00:00.000Z
backwardindex,2018-12-01T00:00:00.000Z
badnews,2020-08-09T00:00:00.000Z
barty,2019-12-04T00:00:00.000Z
biden,2021-04-17T00:00:00.000Z
birdcolourbot,2022-11-05T00:00:00.000Z
botterature,2022-12-02T00:00:00.000Z
bot_test,2019-06-09T00:00:00.000Z
ciudad,2019-09-18T00:00:00.000Z
civicbot,2018-08-21T00:00:00.000Z
cooljeaniusbot,2022-11-24T00:00:00.000Z
daedalistkraken,2018-09-24T00:00:00.000Z
daily_adverb,2018-10-27T00:00:00.000Z
digitalwitchcraft,2020-07-22T00:00:00.000Z
DopeFishBot,2018-10-02T00:00:00.000Z
drbreaking,2022-11-08T00:00:00.000Z
epicfreegames,2021-06-12T00:00:00.000Z
eternal_december,2022-11-26T00:00:00.000Z
everyfunge,2020-05-31T00:00:00.000Z
firoboto,2019-02-16T00:00:00.000Z
HarryLatino,2020-03-01T00:00:00.000Z
hintjensquotes,2022-12-06T00:00:00.000Z
incrossible,2022-11-30T00:00:00.000Z
intimatefields,2022-10-29T00:00:00.000Z
inventaireprevert,2018-07-20T00:00:00.000Z
jm_links,2022-11-30T00:00:00.000Z
johnfreemanbot,2018-02-24T00:00:00.000Z
JuiceThatToots,2022-06-12T00:00:00.000Z
KommadiebRadio,2022-11-14T00:00:00.000Z
loto_fr,2020-08-19T00:00:00.000Z
LWFlouisa,2019-06-14T00:00:00.000Z
melpomene,2019-09-05T00:00:00.000Z
memorypalace,2022-06-21T00:00:00.000Z
mfraz74Weather,2022-04-27T00:00:00.000Z
minot_weather,2021-08-09T00:00:00.000Z
n3tb0t,2020-05-17T00:00:00.000Z
not_realdonaldtrump,2019-08-10T00:00:00.000Z
nullbot,2018-10-05T00:00:00.000Z
oatmealine_ebooks,2020-01-19T00:00:00.000Z
ok_boomer_bot,2019-11-08T00:00:00.000Z
outofcontexthp,2018-10-06T00:00:00.000Z
pajamaswithfeet,2022-11-08T00:00:00.000Z
pokohibu,2018-08-02T00:00:00.000Z
Prems_Worst,2022-11-14T00:00:00.000Z
qtrnmnet,2020-01-23T00:00:00.000Z
QuicklispUpdates,2020-02-17T00:00:00.000Z
quotentipp,2022-11-19T00:00:00.000Z
r9_ebooks,2019-02-19T00:00:00.000Z
random_flapjack,2019-06-25T00:00:00.000Z
serveri,2020-12-07T00:00:00.000Z
thoughts_and_prayers,2018-11-08T00:00:00.000Z
TrashBotBot,2019-03-17T00:00:00.000Z
uhrzeit,2022-11-14T00:00:00.000Z
un_bot_pourrait_faire_ca,2018-06-09T00:00:00.000Z
usylessly,2018-08-25T00:00:00.000Z
Veggiefact,2020-08-14T00:00:00.000Z
writing_prompts,2021-01-14T00:00:00.000Z
yearProgressHeb,2022-11-20T00:00:00.000Z
yourgamesucks,2020-06-04T00:00:00.000Z
youversion,2021-06-11T00:00:00.000Z
zuhigaku,2018-11-21T00:00:00.000Z
AAdaLoveBot,2018-10-12T00:00:00.000Z
aastriiche,2019-02-23T00:00:00.000Z
apogeeebooks,2022-05-04T00:00:00.000Z
arceus,2020-05-26T00:00:00.000Z
Basher,2018-12-28T00:00:00.000Z
bbqlaunch001,2019-01-09T00:00:00.000Z
binbot,2018-08-21T00:00:00.000Z
biotd,2022-11-20T00:00:00.000Z
bogeymoose,2020-03-15T00:00:00.000Z
boorubot,2018-11-07T00:00:00.000Z
CapitalTransit,2019-02-19T00:00:00.000Z
cc,2019-03-29T00:00:00.000Z
ChatBotEnssatLA,2019-05-28T00:00:00.000Z
cheatography,2022-11-12T00:00:00.000Z
chimibot,2018-10-09T00:00:00.000Z
citypairs,2022-11-29T00:00:00.000Z
clapping_music,2022-11-06T00:00:00.000Z
clicdemoins,2018-12-02T00:00:00.000Z
conspirabot,2019-06-28T00:00:00.000Z
CountBot,2018-08-25T00:00:00.000Z
doppelplusgut,2020-01-07T00:00:00.000Z
doxane,2018-09-03T00:00:00.000Z
ellarrr,2018-10-08T00:00:00.000Z
erowidtxt,2018-08-21T00:00:00.000Z
euromillions,2020-08-19T00:00:00.000Z
FCCSpace,2022-11-14T00:00:00.000Z
fdroid,2022-11-13T00:00:00.000Z
feijoadasimulator,2022-11-09T00:00:00.000Z
Fictionary,2022-11-25T00:00:00.000Z
forestbot,2017-06-17T00:00:00.000Z
G02,2022-11-16T00:00:00.000Z
GBGrid_Coal,2022-12-01T00:00:00.000Z
GBGrid_Gas,2022-12-01T00:00:00.000Z
GBGrid_Nuclear,2022-12-01T00:00:00.000Z
GBGrid_Storage,2022-12-01T00:00:00.000Z
gomi,2020-04-10T00:00:00.000Z
goodboybot,2018-12-08T00:00:00.000Z
gumbyscreens,2022-11-18T00:00:00.000Z
haschmich,2022-11-13T00:00:00.000Z
horlogede13H12,2018-09-10T00:00:00.000Z
huehnerbot,2020-07-19T00:00:00.000Z
jpbot,2020-04-19T00:00:00.000Z
labelwithme,2019-05-03T00:00:00.000Z
lamaisonquiparle,2021-01-18T00:00:00.000Z
last100bills,2022-05-10T00:00:00.000Z
metalgear,2018-08-29T00:00:00.000Z
Momo,2021-10-04T00:00:00.000Z
movieendings,2019-06-02T00:00:00.000Z
nogods,2019-10-04T00:00:00.000Z
NotPerfectShot,2018-12-02T00:00:00.000Z
nwslstatbot,2018-10-01T00:00:00.000Z
obrigahistoria,2020-09-01T00:00:00.000Z
OpenSourceFonts,2022-11-22T00:00:00.000Z
otaki_shake,2022-11-20T00:00:00.000Z
Random_backgrounds,2020-04-20T00:00:00.000Z
retidurc,2019-05-03T00:00:00.000Z
riotubarao,2022-11-09T00:00:00.000Z
ro,2018-09-26T00:00:00.000Z
robofern,2019-05-27T00:00:00.000Z
rolandwrites,2022-11-26T00:00:00.000Z
romanticbikes,2020-08-15T00:00:00.000Z
rustleupbot,2022-11-11T00:00:00.000Z
showlegend,2018-11-13T00:00:00.000Z
sihlpegel,2022-11-06T00:00:00.000Z
simplyhaving,2022-11-30T00:00:00.000Z
sleep_bot,2021-07-04T00:00:00.000Z
Soccer,2018-07-15T00:00:00.000Z
SpritesByPico,2022-11-22T00:00:00.000Z
stochamix,2018-10-09T00:00:00.000Z
strelok_scorcher,2018-10-24T00:00:00.000Z
sundryautomata,2022-11-25T00:00:00.000Z
tabloid_bot,2019-05-26T00:00:00.000Z
testbotdummy,2019-03-06T00:00:00.000Z
test_trainer,2018-10-21T00:00:00.000Z
thaitechfeed,2020-02-20T00:00:00.000Z
ThanatosArchive,2021-07-09T00:00:00.000Z
thecodingcat,2019-02-01T00:00:00.000Z
transect575,2022-11-05T00:00:00.000Z
tvshow,2021-02-14T00:00:00.000Z
villager_acab,2022-06-01T00:00:00.000Z
volkszeitung100,2019-03-08T00:00:00.000Z
weenbot,2019-02-12T00:00:00.000Z
wikiamerica,2019-08-06T00:00:00.000Z
xo,2018-09-23T00:00:00.000Z
year_progress,2022-11-18T00:00:00.000Z
YesterdaysWiki,2022-11-13T00:00:00.000Z
yeyes,2021-05-06T00:00:00.000Z
yunotifier,2020-07-14T00:00:00.000Z
zubaito,2018-07-23T00:00:00.000Z
314,2018-10-29T00:00:00.000Z
ADoorAreBell,2018-08-30T00:00:00.000Z
aelita,2019-11-20T00:00:00.000Z
aero_stats,2022-11-14T00:00:00.000Z
again,2019-11-26T00:00:00.000Z
aladdinnsane,2020-06-14T00:00:00.000Z
AlienHypothesis,2018-10-11T00:00:00.000Z
ANI_Digital_bot,2019-06-10T00:00:00.000Z
anna,2022-11-05T00:00:00.000Z
asap,2020-01-16T00:00:00.000Z
basic,2019-07-11T00:00:00.000Z
beep,2021-04-09T00:00:00.000Z
BlartBot,2019-04-02T00:00:00.000Z
bongle,2019-06-04T00:00:00.000Z
botLewitt,2018-08-06T00:00:00.000Z
bot_splash,2018-10-13T00:00:00.000Z
cantasvacashai,2022-11-12T00:00:00.000Z
chaquemot,2022-11-20T00:00:00.000Z
chisuzan,2018-11-21T00:00:00.000Z
covidvaccine,2021-06-14T00:00:00.000Z
crickybo,2018-12-04T00:00:00.000Z
cymplerobot,2022-07-26T00:00:00.000Z
DailyDunston,2022-11-15T00:00:00.000Z
DeadFrontier2,2018-09-09T00:00:00.000Z
dent_ebooks,2020-07-22T00:00:00.000Z
Dhalgren,2022-11-15T00:00:00.000Z
ditado,2022-11-30T00:00:00.000Z
EveryGameSequel,2020-02-02T00:00:00.000Z
everystoptallahassee,2021-07-31T00:00:00.000Z
every_disaster,2022-09-30T00:00:00.000Z
FateGO_KR,2020-01-23T00:00:00.000Z
Fb_ItaTop10,2022-11-19T00:00:00.000Z
fgchypebot,2022-11-22T00:00:00.000Z
fortunes,2021-02-13T00:00:00.000Z
gamergirl,2020-05-03T00:00:00.000Z
GBGrid_Biomass,2022-12-01T00:00:00.000Z
GBGrid_Hydro,2022-12-01T00:00:00.000Z
GBGrid_Imports,2022-12-01T00:00:00.000Z
ghostfinder,2018-10-15T00:00:00.000Z
ghouLMFFbot,2020-02-18T00:00:00.000Z
gjm_bot,2018-10-17T00:00:00.000Z
globot,2018-11-02T00:00:00.000Z
grimfandangobot,2022-11-28T00:00:00.000Z
Guid_Counter,2022-11-29T00:00:00.000Z
Guid_Waster,2022-12-01T00:00:00.000Z
HalloweenCountdown,2022-04-25T00:00:00.000Z
host9876,2019-01-19T00:00:00.000Z
IdleRPG,2020-01-26T00:00:00.000Z
informativosjurisprudencia,2022-12-05T00:00:00.000Z
jet_exe,2022-11-18T00:00:00.000Z
ka8ong,2018-12-06T00:00:00.000Z
Kaffee_Egoist,2019-01-25T00:00:00.000Z
kalkgetraenk,2022-12-05T00:00:00.000Z
leftistmediahub,2020-09-05T00:00:00.000Z
lightbot,2019-11-16T00:00:00.000Z
limaju,2019-12-13T00:00:00.000Z
linear_furcation,2020-01-28T00:00:00.000Z
line_art,2019-09-09T00:00:00.000Z
madenlaid,2022-11-11T00:00:00.000Z
markovdoodle,2019-03-17T00:00:00.000Z
matthilde__ebooks,2021-02-18T00:00:00.000Z
meatboxbot,2019-02-27T00:00:00.000Z
medialabfoodcam,2022-10-29T00:00:00.000Z
MelodysBotWorkShop,2018-12-03T00:00:00.000Z
mesozoic,2020-05-23T00:00:00.000Z
messageofday,2019-05-02T00:00:00.000Z
MonSpek,2018-10-24T00:00:00.000Z
mouseCatElephant,2022-11-06T00:00:00.000Z
MSC2090,2021-01-09T00:00:00.000Z
noisemakerbot_test,2018-12-15T00:00:00.000Z
NormalCommenter,2022-11-21T00:00:00.000Z
nukulartestbot,2018-11-22T00:00:00.000Z
peotry,2018-10-12T00:00:00.000Z
pink_dragon,2020-05-04T00:00:00.000Z
pixelfeedertest,2021-01-23T00:00:00.000Z
Poetics_Journal,2022-11-01T00:00:00.000Z
poftheday,2020-08-12T00:00:00.000Z
pokatene,2018-11-21T00:00:00.000Z
Polskieslowa,2022-11-11T00:00:00.000Z
Project_PlanB,2022-11-15T00:00:00.000Z
Prout,2020-01-09T00:00:00.000Z
roboct2pus,2018-10-30T00:00:00.000Z
rob_0tter,2022-07-25T00:00:00.000Z
rosiemuji,2019-04-22T00:00:00.000Z
SenaryMog,2021-05-02T00:00:00.000Z
sosabot,2022-11-17T00:00:00.000Z
spacegameshow,2020-04-26T00:00:00.000Z
sparky,2019-11-11T00:00:00.000Z
spudooli_house,2022-11-12T00:00:00.000Z
squarevision,2018-11-03T00:00:00.000Z
Squeebot,2019-03-30T00:00:00.000Z
srchetwyndtest,2021-05-24T00:00:00.000Z
startsmalltracker,2020-05-09T00:00:00.000Z
stolen_childhood,2020-04-23T00:00:00.000Z
summoningbot,2018-10-09T00:00:00.000Z
symbolbot,2020-04-23T00:00:00.000Z
SZBot,2022-11-26T00:00:00.000Z
tempobot,2020-01-20T00:00:00.000Z
thanku,2022-08-21T00:00:00.000Z
thegang,2020-12-03T00:00:00.000Z
theRaven,2022-12-01T00:00:00.000Z
TownBuilder,2022-12-05T00:00:00.000Z
tragedie,2018-05-28T00:00:00.000Z
unturned_blog,2020-03-24T00:00:00.000Z
upsidedown,2018-08-28T00:00:00.000Z
vgarzareyna,2020-04-07T00:00:00.000Z
walks_of_life,2020-03-04T00:00:00.000Z
Withnail,2022-11-13T00:00:00.000Z
yearprogress,2019-04-29T00:00:00.000Z
yourletterbot,2022-11-18T00:00:00.000Z
zeitdings,2022-11-13T00:00:00.000Z
11F,2022-11-26T00:00:00.000Z
20,2019-07-27T00:00:00.000Z
23seconds,2020-04-23T00:00:00.000Z
adiutama_bot,2021-02-16T00:00:00.000Z
agade,2022-11-29T00:00:00.000Z
alcabot,2018-10-05T00:00:00.000Z
Anglo_Lingerie,2022-11-14T00:00:00.000Z
annacoluthon,2018-04-11T00:00:00.000Z
ANOMAST,2020-06-17T00:00:00.000Z
antnh6,2018-10-13T00:00:00.000Z
apllad,2020-05-05T00:00:00.000Z
armengard,2021-08-19T00:00:00.000Z
atropos,2022-11-03T00:00:00.000Z
awssecurityfeed,2022-12-01T00:00:00.000Z
a_roundtheworld,2019-10-11T00:00:00.000Z
badpoet,2018-10-11T00:00:00.000Z
badwolf,2019-07-05T00:00:00.000Z
bad_chants,2019-01-15T00:00:00.000Z
bahenol,2019-02-12T00:00:00.000Z
banana,2018-10-09T00:00:00.000Z
beautiful_beginnings,2020-01-05T00:00:00.000Z
beaverbot,2019-05-18T00:00:00.000Z
bernd,2022-11-29T00:00:00.000Z
betch,2020-04-27T00:00:00.000Z
bokekohe,2018-07-30T00:00:00.000Z
BotMcBot,2018-11-11T00:00:00.000Z
bottest,2019-03-10T00:00:00.000Z
BotZoneCuba,2019-06-22T00:00:00.000Z
bot_funnyoutfits,2020-04-23T00:00:00.000Z
bot_shortstory,2020-05-07T00:00:00.000Z
bpdbot,2022-11-30T00:00:00.000Z
breezyparrot,2018-12-30T00:00:00.000Z
cbusnews,2019-05-13T00:00:00.000Z
chopokopx,2018-11-05T00:00:00.000Z
clone_ebooks,2022-12-04T00:00:00.000Z
clotho,2022-10-30T00:00:00.000Z
colefordwx,2022-11-14T00:00:00.000Z
crazycleverpuzzles,2018-10-02T00:00:00.000Z
creBotter,2022-12-07T00:00:00.000Z
crookbot,2019-04-09T00:00:00.000Z
dailymorrissey,2022-09-24T00:00:00.000Z
dantefy,2019-05-14T00:00:00.000Z
demoday,2018-08-27T00:00:00.000Z
diebot,2018-11-14T00:00:00.000Z
DonorBot,2020-07-17T00:00:00.000Z
DrakeBot,2019-07-20T00:00:00.000Z
drinks,2019-12-15T00:00:00.000Z
drycleaninglyrics,2021-08-15T00:00:00.000Z
duck,2018-09-05T00:00:00.000Z
duckman,2018-11-18T00:00:00.000Z
dwaynebot,2021-07-03T00:00:00.000Z
dwdwettervorhersagebot,2022-11-15T00:00:00.000Z
el,2018-09-26T00:00:00.000Z
elbosso,2020-12-03T00:00:00.000Z
elekontroll,2020-03-28T00:00:00.000Z
EnforsBot,2019-10-24T00:00:00.000Z
english_learner,2020-03-19T00:00:00.000Z
EntryCentral,2022-12-02T00:00:00.000Z
EquArt,2022-11-21T00:00:00.000Z
ErfworldBot,2018-10-14T00:00:00.000Z
exquisite_botse,2020-04-09T00:00:00.000Z
faces,2021-09-28T00:00:00.000Z
falarespanhol,2018-08-25T00:00:00.000Z
fenny_ebooks,2018-09-12T00:00:00.000Z
ffmbot,2022-11-21T00:00:00.000Z
first_bot_test,2018-10-26T00:00:00.000Z
FormicapunkBrochure,2018-10-06T00:00:00.000Z
fridge,2020-05-05T00:00:00.000Z
friend,2019-12-31T00:00:00.000Z
funkybuttlovin,2018-08-18T00:00:00.000Z
futoshii,2018-07-24T00:00:00.000Z
Gaxve,2020-12-15T00:00:00.000Z
Genre_Defining,2022-11-18T00:00:00.000Z
gipsi,2018-10-16T00:00:00.000Z
glyphbot,2022-11-10T00:00:00.000Z
GourmetMoth,2018-10-03T00:00:00.000Z
guydboraterrier,2022-11-04T00:00:00.000Z
hackernewsbot,2019-03-11T00:00:00.000Z
hangbot,2021-09-11T00:00:00.000Z
HashtagGamedev,2020-08-23T00:00:00.000Z
hatoka,2018-10-09T00:00:00.000Z
hccbot,2018-11-06T00:00:00.000Z
hellomastodon,2020-08-12T00:00:00.000Z
herbalist,2022-12-06T00:00:00.000Z
hongeipii,2019-02-17T00:00:00.000Z
hourlyiggie,2018-12-28T00:00:00.000Z
hyeonji_choi,2020-05-11T00:00:00.000Z
impeccablezombies,2018-08-27T00:00:00.000Z
inthedark,2018-10-02T00:00:00.000Z
ironchefbot,2022-12-04T00:00:00.000Z
itavisen,2019-04-30T00:00:00.000Z
ithcwy,2022-11-24T00:00:00.000Z
jambu,2019-07-30T00:00:00.000Z
javidetena,2020-12-15T00:00:00.000Z
jhammen,2018-08-22T00:00:00.000Z
jingaru,2018-07-29T00:00:00.000Z
jjcgibbs,2020-04-07T00:00:00.000Z
justabot,2020-09-24T00:00:00.000Z
kafkabot,2022-11-20T00:00:00.000Z
kats_twitterbot,2018-12-31T00:00:00.000Z
KGLWReleases,2022-11-25T00:00:00.000Z
kijanaBot,2018-12-14T00:00:00.000Z
kirito97,2018-10-26T00:00:00.000Z
kiseiya,2018-07-30T00:00:00.000Z
kiwi,2018-11-14T00:00:00.000Z
kleinglattbach,2019-04-14T00:00:00.000Z
koml,2022-11-22T00:00:00.000Z
korzq,2019-05-06T00:00:00.000Z
KvoPsyBot,2018-10-18T00:00:00.000Z
lachesis,2022-11-03T00:00:00.000Z
lafinanzasulweb,2019-02-04T00:00:00.000Z
letztepreis,2020-02-15T00:00:00.000Z
life,2018-12-16T00:00:00.000Z
lightBot73,2020-02-28T00:00:00.000Z
Little_Annie_Rooney,2022-11-21T00:00:00.000Z
lobby,2019-02-03T00:00:00.000Z
lotzzabot,2018-10-22T00:00:00.000Z
m30,2022-11-25T00:00:00.000Z
MapleStory2,2018-09-27T00:00:00.000Z
mariolistens,2022-11-25T00:00:00.000Z
MarioVariants,2022-11-18T00:00:00.000Z
maryskrill,2021-02-15T00:00:00.000Z
mastocaster,2018-05-09T00:00:00.000Z
matzebot,2018-09-12T00:00:00.000Z
MeanCookie,2018-09-26T00:00:00.000Z
meatigation,2022-11-22T00:00:00.000Z
medalleroESP,2021-07-25T00:00:00.000Z
memento_mori,2022-10-29T00:00:00.000Z
memes_spawn,2020-04-23T00:00:00.000Z
metsumato,2018-07-24T00:00:00.000Z
mindfulmoment,2021-01-05T00:00:00.000Z
MTGRandomCardBot,2022-11-09T00:00:00.000Z
munetunes,2020-09-02T00:00:00.000Z
mxhdrm,2019-12-17T00:00:00.000Z
nbanews,2021-02-16T00:00:00.000Z
nerddashboards,2022-11-18T00:00:00.000Z
nrzpw,2018-09-15T00:00:00.000Z
nukanku,2018-07-31T00:00:00.000Z
numberstation7,2022-12-04T00:00:00.000Z
obermoser_wine,2019-06-26T00:00:00.000Z
ologonionrss,2021-01-13T00:00:00.000Z
onibot,2019-02-22T00:00:00.000Z
onmyojigame,2022-04-20T00:00:00.000Z
OpenIdea,2021-03-05T00:00:00.000Z
oxygen,2018-10-01T00:00:00.000Z
patrick_dril,2018-11-18T00:00:00.000Z
PerfectlyNormalSolar,2022-12-03T00:00:00.000Z
picdescbot,2018-12-08T00:00:00.000Z
Pied_bot,2018-10-09T00:00:00.000Z
pm_me_ur_limux_memes,2018-12-21T00:00:00.000Z
poetranslator,2022-11-22T00:00:00.000Z
polinagnezdilova,2021-02-10T00:00:00.000Z
pololasi,2018-12-12T00:00:00.000Z
purplebetterone,2018-10-09T00:00:00.000Z
qt4cg,2022-12-06T00:00:00.000Z
ra,2021-03-11T00:00:00.000Z
randomsuperhero,2018-12-01T00:00:00.000Z
rct_guest_tracker,2022-11-27T00:00:00.000Z
ReleaseThe_Cut,2022-11-20T00:00:00.000Z
rickross,2022-11-24T00:00:00.000Z
rmr,2018-11-05T00:00:00.000Z
roller_coaster_challenge,2019-02-25T00:00:00.000Z
Romantic_ebooks,2022-11-18T00:00:00.000Z
routes_by_dad,2022-11-11T00:00:00.000Z
safetybot,2019-01-11T00:00:00.000Z
samt19bot,2020-08-01T00:00:00.000Z
sbnationnba,2021-02-13T00:00:00.000Z
sengata,2018-11-21T00:00:00.000Z
shawn,2018-09-26T00:00:00.000Z
siempremorse,2022-11-19T00:00:00.000Z
Silke_Bischoff,2022-11-29T00:00:00.000Z
sillypaste,2022-12-05T00:00:00.000Z
sim,2018-10-02T00:00:00.000Z
SleepMarshmallow,2018-09-26T00:00:00.000Z
sogenshi,2018-07-30T00:00:00.000Z
solarlinertestbot,2018-10-09T00:00:00.000Z
some_bot_online,2019-01-05T00:00:00.000Z
soribishi,2018-07-25T00:00:00.000Z
speedtest,2020-07-19T00:00:00.000Z
spikedbyabeast,2019-01-04T00:00:00.000Z
startup,2018-10-05T00:00:00.000Z
suprecherche_gre,2022-12-05T00:00:00.000Z
svijet,2019-01-21T00:00:00.000Z
tazuishi,2018-11-20T00:00:00.000Z
tbd_baka,2018-10-10T00:00:00.000Z
TheAristidBot,2018-12-23T00:00:00.000Z
theundergroundman,2019-09-13T00:00:00.000Z
things_in_the_water,2022-11-10T00:00:00.000Z
tif,2022-11-29T00:00:00.000Z
TinyClearings,2022-11-21T00:00:00.000Z
tito,2019-04-09T00:00:00.000Z
tonyspacebot,2018-12-10T00:00:00.000Z
TouchXGetY,2019-09-29T00:00:00.000Z
towncriertest,2019-01-29T00:00:00.000Z
toxiclyrics,2018-10-07T00:00:00.000Z
ulyssebooks,2022-11-18T00:00:00.000Z
umibot,2019-10-09T00:00:00.000Z
unionbot,2021-03-12T00:00:00.000Z
UniversalNewyorkerCaption,2019-09-25T00:00:00.000Z
uutisvaris,2022-11-30T00:00:00.000Z
UyghurGenocide,2021-06-03T00:00:00.000Z
vaktsiinibot,2021-05-04T00:00:00.000Z
vlslvbot,2021-06-18T00:00:00.000Z
woobot,2019-06-23T00:00:00.000Z
wyrd_ebooks,2018-09-11T00:00:00.000Z
ximinov,2018-12-28T00:00:00.000Z
xproc,2022-12-05T00:00:00.000Z
yeet,2018-12-21T00:00:00.000Z
zenbot,2019-05-01T00:00:00.000Z
zenhobbot,2019-11-15T00:00:00.000Z
15583346Clot,2020-01-17T00:00:00.000Z
2huPics,2017-11-28T00:00:00.000Z
7bot,2018-10-07T00:00:00.000Z
abovebrum,2022-11-12T00:00:00.000Z
abzicht,2019-02-09T00:00:00.000Z
airlinenews,2022-06-23T00:00:00.000Z
ale,2020-04-15T00:00:00.000Z
amervitz,2018-10-13T00:00:00.000Z
AmyAI,2018-08-24T00:00:00.000Z
andyrss,2019-02-15T00:00:00.000Z
anime_rover_bot,2018-10-10T00:00:00.000Z
anth0nyj,2018-10-10T00:00:00.000Z
anthynofantona,2021-01-31T00:00:00.000Z
archon,2018-12-03T00:00:00.000Z
arkSong,2020-03-12T00:00:00.000Z
art1st,2018-10-20T00:00:00.000Z
artis84,2018-10-17T00:00:00.000Z
arxivdaily,2021-03-21T00:00:00.000Z
ascribestale,2019-03-17T00:00:00.000Z
atomicmagebot,2018-10-12T00:00:00.000Z
autoot,2020-08-09T00:00:00.000Z
avions94440,2022-11-14T00:00:00.000Z
a_friendly_bot,2019-04-15T00:00:00.000Z
a_place_on_earth,2019-11-25T00:00:00.000Z
badnewstest,2021-02-11T00:00:00.000Z
batubot,2021-05-01T00:00:00.000Z
bay,2019-04-03T00:00:00.000Z
bender,2019-01-20T00:00:00.000Z
bennybrouwer,2018-10-18T00:00:00.000Z
betapixel,2018-10-09T00:00:00.000Z
bippityboop,2022-11-12T00:00:00.000Z
birthday,2018-11-09T00:00:00.000Z
blubbos,2022-05-18T00:00:00.000Z
boredhector,2019-04-13T00:00:00.000Z
bothobby,2020-01-24T00:00:00.000Z
botliso,2018-10-11T00:00:00.000Z
botober,2018-09-30T00:00:00.000Z
botthammack,2018-10-08T00:00:00.000Z
bram9876543210,2018-12-18T00:00:00.000Z
brebz7,2019-09-29T00:00:00.000Z
bridget,2020-01-22T00:00:00.000Z
buddabot,2019-03-13T00:00:00.000Z
bullshit_posting,2018-11-01T00:00:00.000Z
butter,2019-04-29T00:00:00.000Z
c3fahrplan,2021-04-03T00:00:00.000Z
Canal_VC19,2020-07-30T00:00:00.000Z
ChatBotMC,2019-06-06T00:00:00.000Z
chriswatasa,2020-06-08T00:00:00.000Z
clarence,2019-01-07T00:00:00.000Z
cleanURLs,2020-07-01T00:00:00.000Z
cloudflarewatch,2019-04-12T00:00:00.000Z
colombia_travel,2019-02-25T00:00:00.000Z
colossus,2019-11-14T00:00:00.000Z
ConsummateTinkerer,2022-12-06T00:00:00.000Z
creepybot,2020-08-03T00:00:00.000Z
crickybonz,2020-06-18T00:00:00.000Z
cryptobtcinfo,2018-10-07T00:00:00.000Z
cstheory,2022-11-14T00:00:00.000Z
curiosity,2018-10-30T00:00:00.000Z
CyberSecurityUpdates,2018-10-10T00:00:00.000Z
DaanBreurBot,2018-10-11T00:00:00.000Z
dario,2018-12-21T00:00:00.000Z
darkKnight,2019-06-18T00:00:00.000Z
DaylightSavings,2022-11-05T00:00:00.000Z
dbot,2018-10-12T00:00:00.000Z
demotest,2019-07-16T00:00:00.000Z
denari,2018-11-21T00:00:00.000Z
dg125ebooks,2018-10-13T00:00:00.000Z
digitalpatchwork,2019-07-28T00:00:00.000Z
diskotod,2022-12-02T00:00:00.000Z
DiValent,2021-02-13T00:00:00.000Z
Dman27315,2018-10-09T00:00:00.000Z
dontlookatme,2021-09-02T00:00:00.000Z
don_gradients,2018-10-20T00:00:00.000Z
doolarek,2018-10-10T00:00:00.000Z
DrTriangle,2021-02-09T00:00:00.000Z
dummy,2022-11-22T00:00:00.000Z
echo34,2018-10-20T00:00:00.000Z
eistee,2018-10-13T00:00:00.000Z
emiliofzbot,2018-10-15T00:00:00.000Z
emobot,2018-10-09T00:00:00.000Z
engine,2018-10-12T00:00:00.000Z
EuroSciPy,2019-09-09T00:00:00.000Z
everygate,2018-12-14T00:00:00.000Z
everykemono,2018-09-25T00:00:00.000Z
exampbot,2018-10-10T00:00:00.000Z
exlibris,2018-11-08T00:00:00.000Z
fanonbot,2022-12-01T00:00:00.000Z
fantastic,2019-01-01T00:00:00.000Z
faustroll,2022-11-27T00:00:00.000Z
fediversebot,2018-07-26T00:00:00.000Z
femimemes,2019-11-03T00:00:00.000Z
FilarmonicaCali,2019-02-25T00:00:00.000Z
film_releases_generator,2021-02-13T00:00:00.000Z
fintoot,2019-01-31T00:00:00.000Z
FrankFoetus,2018-11-05T00:00:00.000Z
frost_poems,2019-08-07T00:00:00.000Z
funfacts,2019-08-08T00:00:00.000Z
gavinsbrain,2018-10-17T00:00:00.000Z
gifts,2020-04-16T00:00:00.000Z
gilbot,2018-10-18T00:00:00.000Z
GizmodoES,2019-02-24T00:00:00.000Z
Glitchy,2020-05-14T00:00:00.000Z
gravity,2018-10-08T00:00:00.000Z
Gruenblatt,2020-04-16T00:00:00.000Z
Halo3fanzone,2020-08-04T00:00:00.000Z
happyhumanpharma,2018-08-27T00:00:00.000Z
harriet_learner,2019-12-08T00:00:00.000Z
hasaiyu,2018-08-02T00:00:00.000Z
Hbentzur,2018-09-26T00:00:00.000Z
healthy_bot,2018-10-10T00:00:00.000Z
hellobot,2018-09-26T00:00:00.000Z
Hexamagons,2022-11-19T00:00:00.000Z
heytanuki,2018-10-27T00:00:00.000Z
hipertextual,2019-02-24T00:00:00.000Z
HokiDoki,2018-09-26T00:00:00.000Z
horacehorace,2019-02-27T00:00:00.000Z
huxelbot,2018-10-03T00:00:00.000Z
hyliss,2018-10-10T00:00:00.000Z
IamGlitchy,2020-04-23T00:00:00.000Z
igotapochahontas,2018-10-15T00:00:00.000Z
ijustwannaknowwhy,2019-10-14T00:00:00.000Z
imagebuilderbot,2020-07-04T00:00:00.000Z
IsMtRainierOut,2022-11-18T00:00:00.000Z
jaknap,2018-10-10T00:00:00.000Z
jasprosespritesquared,2018-12-09T00:00:00.000Z
jaumeps,2020-12-15T00:00:00.000Z
jeff,2019-04-15T00:00:00.000Z
JezusBot,2018-10-07T00:00:00.000Z
jlp6k,2021-04-12T00:00:00.000Z
jobinbot,2018-10-10T00:00:00.000Z
johnny,2018-12-15T00:00:00.000Z
johnpaulstartrek,2018-08-26T00:00:00.000Z
Joohyun,2018-09-26T00:00:00.000Z
jorp,2018-11-09T00:00:00.000Z
juliannaakopyan,2020-04-16T00:00:00.000Z
junejaapi,2018-10-02T00:00:00.000Z
junior_bot,2019-05-29T00:00:00.000Z
justDrawThings,2018-12-14T00:00:00.000Z
justnaa,2019-01-03T00:00:00.000Z
kcbot,2018-10-10T00:00:00.000Z
keira_luna_bot,2019-07-25T00:00:00.000Z
kiks,2018-11-15T00:00:00.000Z
kobak,2018-09-16T00:00:00.000Z
kwcr,2018-10-13T00:00:00.000Z
lapulla,2019-02-24T00:00:00.000Z
Lavozdegalicia_unofficial,2020-04-07T00:00:00.000Z
learning_to_write_a_bot,2019-08-17T00:00:00.000Z
LeBreadBoy,2019-06-13T00:00:00.000Z
limerick,2019-08-29T00:00:00.000Z
Locus,2022-11-25T00:00:00.000Z
lonesome,2019-01-25T00:00:00.000Z
lorem,2019-10-08T00:00:00.000Z
louisbot,2020-05-29T00:00:00.000Z
loungebot,2018-08-26T00:00:00.000Z
lovebutdrugs,2019-04-21T00:00:00.000Z
lukasz,2018-10-10T00:00:00.000Z
luk_galy,2021-02-11T00:00:00.000Z
machineagencies,2022-10-28T00:00:00.000Z
Mag,2019-10-14T00:00:00.000Z
mahbot,2018-12-31T00:00:00.000Z
marshmallow,2019-05-30T00:00:00.000Z
Mass_bot,2018-11-02T00:00:00.000Z
mastadonbot,2018-12-04T00:00:00.000Z
mastobot,2018-08-13T00:00:00.000Z
mathieuHmmt,2018-10-17T00:00:00.000Z
mawanon,2018-11-20T00:00:00.000Z
mcbrand,2018-10-09T00:00:00.000Z
megaphon,2021-05-09T00:00:00.000Z
memecrashes_xposter,2019-02-26T00:00:00.000Z
mengzhen,2018-09-26T00:00:00.000Z
menkan,2018-08-03T00:00:00.000Z
merritestbot,2019-07-24T00:00:00.000Z
Michelangelo2005,2018-10-27T00:00:00.000Z
mihies,2020-01-18T00:00:00.000Z
mikel,2019-01-30T00:00:00.000Z
milo_bot,2018-12-28T00:00:00.000Z
mmmontsheng,2019-05-27T00:00:00.000Z
mochi,2020-11-19T00:00:00.000Z
MontOrder_bot,2018-12-21T00:00:00.000Z
Motivation,2018-12-13T00:00:00.000Z
mrknobb,2019-01-16T00:00:00.000Z
MTAbot,2018-12-07T00:00:00.000Z
mulan,2020-04-16T00:00:00.000Z
munbot,2019-10-14T00:00:00.000Z
murama,2019-01-20T00:00:00.000Z
mushiraki,2018-07-31T00:00:00.000Z
mybot,2019-05-11T00:00:00.000Z
myfirstbot,2018-08-17T00:00:00.000Z
namogenbo,2018-12-03T00:00:00.000Z
natureoffice,2018-08-19T00:00:00.000Z
neruimu,2018-11-21T00:00:00.000Z
NetfishAndChill,2018-10-12T00:00:00.000Z
networkgraph,2018-11-12T00:00:00.000Z
newspaper,2019-09-17T00:00:00.000Z
niglo_nabaztag,2021-06-01T00:00:00.000Z
nipendulum,2018-10-31T00:00:00.000Z
nire,2019-05-18T00:00:00.000Z
NIST_Oracle,2020-01-19T00:00:00.000Z
nonbot,2018-10-22T00:00:00.000Z
NorthWestHawk,2022-11-20T00:00:00.000Z
notnatsbot,2020-04-03T00:00:00.000Z
numbers,2020-04-25T00:00:00.000Z
nunaquzu,2018-10-20T00:00:00.000Z
nutbot,2018-12-21T00:00:00.000Z
nvzirv,2020-04-10T00:00:00.000Z
objelisks,2017-04-05T00:00:00.000Z
odtfans,2022-05-01T00:00:00.000Z
oraclebot,2020-10-09T00:00:00.000Z
out_of_date,2020-10-19T00:00:00.000Z
password_help,2022-11-23T00:00:00.000Z
peddn,2018-10-07T00:00:00.000Z
pikuchiho,2018-07-31T00:00:00.000Z
podstockbot,2019-06-15T00:00:00.000Z
PokemonGoApp,2019-02-24T00:00:00.000Z
PokemonGOHubNet,2019-02-24T00:00:00.000Z
poke_bot,2018-10-16T00:00:00.000Z
posteditio,2021-01-27T00:00:00.000Z
problematicbot,2020-10-02T00:00:00.000Z
profharneybot,2022-12-03T00:00:00.000Z
project001,2018-10-14T00:00:00.000Z
pypix,2020-04-16T00:00:00.000Z
ramblings,2019-04-15T00:00:00.000Z
RandomlyFuzzyBot,2018-10-14T00:00:00.000Z
randommtg,2018-08-29T00:00:00.000Z
RandomOzChron,2022-12-03T00:00:00.000Z
randomtube,2021-03-08T00:00:00.000Z
remords,2021-10-31T00:00:00.000Z
renaldobot,2019-01-27T00:00:00.000Z
renouncebot,2022-11-20T00:00:00.000Z
reputation_engine,2019-06-06T00:00:00.000Z
RevistaArcadia,2019-02-25T00:00:00.000Z
RileyBot,2022-12-07T00:00:00.000Z
robasako,2018-11-20T00:00:00.000Z
roboposto,2019-10-20T00:00:00.000Z
rps,2019-11-30T00:00:00.000Z
rss2masto,2018-11-29T00:00:00.000Z
rubikubbot,2018-10-21T00:00:00.000Z
rushikabe,2018-11-21T00:00:00.000Z
rybot,2018-10-02T00:00:00.000Z
saj,2019-08-20T00:00:00.000Z
santander,2019-08-20T00:00:00.000Z
SarahAndDuck,2022-11-12T00:00:00.000Z
sasha_rss_reader,2020-03-22T00:00:00.000Z
schmittbot,2022-11-03T00:00:00.000Z
sebastianoneil,2018-10-02T00:00:00.000Z
secgen,2022-11-12T00:00:00.000Z
seik,2019-01-12T00:00:00.000Z
sekritskwerl,2019-04-27T00:00:00.000Z
selfDestruct,2019-05-30T00:00:00.000Z
SemiSu,2018-10-29T00:00:00.000Z
sequentialbot,2019-09-12T00:00:00.000Z
setreset,2020-02-18T00:00:00.000Z
shinpubot,2019-01-20T00:00:00.000Z
SKBot,2018-10-01T00:00:00.000Z
sleeptalker,2022-11-25T00:00:00.000Z
smob123,2018-12-19T00:00:00.000Z
somerandombot,2018-10-20T00:00:00.000Z
spdevchat,2019-01-01T00:00:00.000Z
spoilertv,2022-11-22T00:00:00.000Z
superthoughtfully,2022-11-19T00:00:00.000Z
s_m_marandi,2020-05-15T00:00:00.000Z
takeone,2019-01-03T00:00:00.000Z
tarsbottest1,2019-04-20T00:00:00.000Z
taurusbot,2019-01-09T00:00:00.000Z
teedoff,2022-12-03T00:00:00.000Z
tekiela,2018-11-23T00:00:00.000Z
TheLocalSweden,2019-02-25T00:00:00.000Z
thomas,2019-11-05T00:00:00.000Z
tootbot_v3x_testing,2020-12-27T00:00:00.000Z
trendingonfedi,2019-01-02T00:00:00.000Z
trzrhnt,2019-04-07T00:00:00.000Z
tycoon_news,2020-10-23T00:00:00.000Z
ufoseven,2022-01-11T00:00:00.000Z
Ujjval2206,2019-03-29T00:00:00.000Z
unity,2019-02-03T00:00:00.000Z
UnofficialCWArrowverse,2018-10-25T00:00:00.000Z
vg_response,2018-12-30T00:00:00.000Z
VHSVault,2020-03-29T00:00:00.000Z
voxpop,2018-10-14T00:00:00.000Z
ward,2019-02-01T00:00:00.000Z
weather_ph,2022-11-20T00:00:00.000Z
WebColoursBot,2018-10-30T00:00:00.000Z
weibo,2021-01-23T00:00:00.000Z
whatwillyoudreamof,2020-07-22T00:00:00.000Z
whoiswatchingyou,2018-10-04T00:00:00.000Z
wisehakr,2019-02-16T00:00:00.000Z
wni,2020-02-12T00:00:00.000Z
Wolf96xz,2020-01-17T00:00:00.000Z
wuerzbot,2020-05-08T00:00:00.000Z
Xadnem,2020-12-15T00:00:00.000Z
xatakafoto,2019-02-24T00:00:00.000Z
Xiija,2018-12-09T00:00:00.000Z
xujenna,2018-09-26T00:00:00.000Z
xyclos,2018-10-13T00:00:00.000Z
yeony102,2018-09-26T00:00:00.000Z
yogender2912,2018-10-17T00:00:00.000Z
Zano,2018-10-01T00:00:00.000Z
Zbot47,2018-10-13T00:00:00.000Z
zenhoshi,2018-11-21T00:00:00.000Z
zlotousty,2018-10-18T00:00:00.000Z
zugunfall,2022-12-02T00:00:00.000Z
